OrderLineID,TransactionID,ProductID,Quantity,UnitPrice,Discount,LineTotal
OL-1, TRN-9001 ,C302,3.0,50.0,0.1,135.0
OL-2,TRN-9001,C302,3.0,50.0,0.1,135.0
OL-4,TRN-9001,P103,2.0,95.0,0.1,171.0
OL-5,TRN-9002,P202,1.0,65.0,0.05,61.75
OL-9, TRN-9004 ,C304,1.0,58.0,0.1,52.2
OL-10,TRN-9004,C301,3.0,55.0,0.1,148.5
OL-11,TRN-9004,P101,2.0,70.0,0.1,153.0
OL-12,TRN-9004,P102,3.0,80.0,0.1,216.0
OL-13,TRN-9005,C303,1.0,60.0,0.0,60.0
OL-14,TRN-9006,C301,2.0,58.0,0.0,116.0
OL-15,TRN-9006,P103,2.0,95.0,0.0,190.0
 OL-16 ,TRN-9007,P102,3.0,80.0,0.05,228.0
OL-17,TRN-9007,P203,3.0,68.0,0.05,193.8
 OL-18 ,TRN-9008,P103,2.0,95.0,0.1,171.0
OL-19,TRN-9009,P203,1.0,68.0,0.0,68.0
 OL-20 ,TRN-9009,P101,1.0,85.0,0.0,85.0
OL-21,TRN-9009,C301,1.0,55.0,0.0,55.0
OL-22,TRN-9009,P101,1.0,85.0,0.0,85.0
OL-23,TRN-9010,C303,2.0,70.0,0.1,108.0
OL-24,TRN-9010,C304,3.0,58.0,0.1,156.6
OL-25,TRN-9011,C301,1.0,55.0,0.0,55.0
OL-27,TRN-9012,C302,2.0,50.0,0.0,100.0
OL-28,TRN-9012,P101,1.0,85.0,0.0,85.0
OL-29,TRN-9013,C302,3.0,50.0,0.0,150.0
OL-30,TRN-9013,C302,2.0,50.0,0.0,100.0
OL-31,TRN-9013,C301,2.0,55.0,0.0,110.0
OL-32,TRN-9014,P201,3.0,70.0,0.05,199.5
OL-33,TRN-9014,C301,1.0,55.0,0.05,52.25
OL-34,TRN-9014,C302,1.0,50.0,0.05,47.5
OL-35,TRN-9015,P103,3.0,95.0,0.0,285.0
OL-36,TRN-9015,C303,3.0,60.0,0.0,180.0
OL-37,TRN-9015,C301,1.0,58.0,0.0,58.0
OL-37,TRN-9015,C304,1.0,58.0,0.0,58.0
OL-39,TRN-9016,P202,3.0,65.0,0.0,195.0
OL-40,TRN-9017,P101,2.0,85.0,0.0,170.0
OL-41,TRN-9017,P102,1.0,80.0,0.0,80.0
OL-42,TRN-9018,P202,2.0,65.0,0.0,130.0
OL-43,TRN-9018,C301,3.0,68.0,0.0,204.0
OL-44,TRN-9018,P102,1.0,80.0,0.0,80.0
OL-45,TRN-9019,C302,1.0,50.0,0.0,50.0
OL-46,TRN-9020, C301 ,1.0,55.0,0.1,49.5
OL-47,TRN-9020,C302,2.0,50.0,0.1,90.0
OL-48,TRN-9021,C304,1.0,58.0,0.0,58.0
OL-49,TRN-9021,P202,1.0,65.0,0.0,65.0
OL-50,TRN-9022,P203,1.0,68.0,0.0,68.0
OL-51,TRN-9022,P101,1.0,85.0,0.0,85.0
OL-52,TRN-9022,C304,1.0,58.0,0.0,58.0
OL-53,TRN-9023,P202,3.0,65.0,0.0,195.0
OL-54, TRN-9024 ,C301,1.0,55.0,0.0,55.0
OL-55,TRN-9024,P103,3.0,95.0,0.0,285.0
OL-58,TRN-9026,C303,2.0,60.0,0.0,120.0
OL-59,TRN-9121,C303,1.0,60.0,0.0,60.0
 OL-60 ,TRN-9026,C303,3.0,60.0,0.0,180.0
OL-63, TRN-9028 ,C304,3.0,58.0,0.05,165.3
OL-64,TRN-9029,C303,3.0,60.0,0.0,180.0
OL-65,TRN-9029,C304,1.0,58.0,0.0,58.0
OL-66,TRN-9030,C304,1.0,58.0,0.0,58.0
OL-1049,TRN-9030,C304,2.0,58.0,0.0,116.0
OL-68,TRN-9030,P201,3.0,70.0,0.0,210.0
OL-69,TRN-9030,C303,1.0,60.0,0.0,60.0
OL-70,TRN-9031,C303,2.0,60.0,0.0,120.0
OL-71,TRN-9031,P202,3.0,65.0,0.0,195.0
OL-72,TRN-9032,P103,2.0,95.0,0.0,190.0
OL-73,TRN-9032,C301,2.0,55.0,0.0,110.0
OL-74,TRN-9032,P202,1.0,65.0,0.0,65.0
 OL-75 ,TRN-9033,C301,3.0,55.0,0.0,165.0
OL-76,TRN-9033, P102 ,1.0,80.0,0.0,80.0
OL-77,TRN-9034,C304,2.0,58.0,0.1,104.4
OL-78,TRN-9034,C302,3.0,50.0,0.1,135.0
OL-79,TRN-9035,P201,2.0,70.0,0.0,140.0
OL-80,TRN-9035,P103,2.0,95.0,0.0,190.0
OL-81,TRN-9035,C302,2.0,50.0,0.0,100.0
OL-82,TRN-9035,C304,2.0,58.0,0.0,116.0
OL-83,TRN-9036,P202,1.0,65.0,0.0,65.0
OL-84,TRN-9036,P101,1.0,85.0,0.0,85.0
OL-85,TRN-9036,P201,1.0,70.0,0.0,70.0
OL-86,TRN-9036,P202,2.0,65.0,0.0,130.0
OL-87,TRN-9037,P101,1.0,85.0,0.0,85.0
OL-88,TRN-9038,P102,2.0,80.0,0.1,144.0
OL-90,TRN-9039,P103,1.0,95.0,0.0,95.0
OL-91,TRN-9039,C301,2.0,55.0,0.0,110.0
OL-92,TRN-9039, P203 ,1.0,68.0,0.0,68.0
OL-93,TRN-9039, C302 ,3.0,50.0,0.0,150.0
OL-94,TRN-9040,P203,2.0,68.0,0.0,136.0
OL-95,TRN-9040,P102,3.0,80.0,0.0,240.0
OL-96,TRN-9041,P202,3.0,65.0,0.0,195.0
OL-97,TRN-9041,C304,2.0,58.0,0.0,116.0
OL-98, TRN-9042 ,P103,1.0,95.0,0.0,95.0
OL-99,TRN-9042,P202,2.0,65.0,0.0,130.0
OL-100,TRN-9043,P201,3.0,70.0,0.0,70.0
OL-101,TRN-9043,P103,2.0,95.0,0.0,190.0
OL-102,TRN-9043,P102,1.0,80.0,0.0,80.0
OL-103,TRN-9044,C303,2.0,60.0,0.0,120.0
OL-104, TRN-9044 ,C301,3.0,55.0,0.0,165.0
OL-105,TRN-9045,C302,3.0,50.0,0.0,150.0
OL-106,TRN-9045,C304,2.0,58.0,0.0,116.0
OL-107,TRN-9045,P202,2.0,65.0,0.0,130.0
OL-108,TRN-9045, P203 ,2.0,68.0,0.0,136.0
 OL-109 ,TRN-9046,C304,3.0,58.0,0.0,174.0
OL-110, TRN-9046 ,C301,3.0,70.0,0.0,210.0
OL-111,TRN-9046, P201 ,3.0,70.0,0.0,210.0
OL-112, TRN-9046 ,C301,3.0,55.0,0.0,165.0
OL-113,TRN-9047,P103,3.0,95.0,0.0,190.0
OL-114,TRN-9048,C303,3.0,60.0,0.0,120.0
OL-115,TRN-9048,P201,2.0,70.0,0.0,140.0
OL-116,TRN-9121,C301,3.0,55.0,0.0,55.0
OL-117,TRN-9049,P201,3.0,70.0,0.0,210.0
OL-118,TRN-9049,C302,3.0,50.0,0.0,110.0
OL-119,TRN-9049,P201,3.0,70.0,0.0,210.0
OL-124,TRN-9051,C302,1.0,50.0,0.0,50.0
OL-125,TRN-9051,C304,3.0,58.0,0.0,174.0
OL-126,TRN-9052,C302,1.0,50.0,0.0,50.0
OL-127,TRN-9052,C301,2.0,55.0,0.0,110.0
OL-128,TRN-9053,C301,3.0,55.0,0.0,165.0
OL-129,TRN-9053,P103,1.0,95.0,0.0,95.0
OL-130,TRN-9054,C304,2.0,70.0,0.0,116.0
OL-131,TRN-9121,P103,3.0,95.0,0.0,285.0
OL-132,TRN-9055, P201 ,3.0,70.0,0.0,210.0
OL-133,TRN-9056,C303,1.0,60.0,0.0,60.0
OL-134,TRN-9056,C301,3.0,95.0,0.0,95.0
 OL-135 ,TRN-9057,C303,2.0,60.0,0.05,114.0
OL-136,TRN-9058,P203,3.0,68.0,0.0,204.0
OL-137,TRN-9058,P102,3.0,80.0,0.0,110.0
OL-138,TRN-9059,P202,3.0,65.0,0.1,175.5
OL-139,TRN-9059,C301,3.0,70.0,0.1,189.0
OL-140,TRN-9060,P103,3.0,95.0,0.0,285.0
OL-141,TRN-9061,P101,2.0,85.0,0.0,170.0
OL-143,TRN-9062,P101,1.0,85.0,0.0,110.0
OL-144,TRN-9063,C303,3.0,60.0,0.05,171.0
OL-146,TRN-9064,C302,1.0,50.0,0.05,47.5
OL-147,TRN-9065,P103,3.0,95.0,0.0,285.0
OL-148,TRN-9065,P201,1.0,70.0,0.0,110.0
OL-149,TRN-9066,P203,1.0,68.0,0.0,68.0
OL-150,TRN-9066,P102,1.0,80.0,0.0,80.0
OL-151,TRN-9066, C303 ,1.0,60.0,0.0,60.0
OL-152,TRN-9066,C303,3.0,60.0,0.0,180.0
OL-153,TRN-9067,P102,2.0,80.0,0.1,144.0
OL-154,TRN-9067,C304,2.0,58.0,0.1,104.4
OL-155,TRN-9067,C303,2.0,60.0,0.1,108.0
OL-156,TRN-9067,P101,3.0,85.0,0.1,229.5
OL-1049, TRN-9068 ,C304,3.0,58.0,0.0,174.0
OL-158,TRN-9121,P101,2.0,85.0,0.0,170.0
OL-158,TRN-9069,P101,2.0,85.0,0.0,170.0
OL-160,TRN-9069,C302,3.0,50.0,0.0,150.0
OL-161,TRN-9069,C304,2.0,58.0,0.0,116.0
OL-162,TRN-9070, P203 ,3.0,68.0,0.05,193.8
OL-163,TRN-9070,P102,2.0,80.0,0.05,152.0
OL-164,TRN-9071,C302,2.0,50.0,0.05,95.0
OL-165, TRN-9072 ,P102,3.0,80.0,0.0,240.0
OL-166,TRN-9072,P101,1.0,85.0,0.0,85.0
OL-1049,TRN-9074,C304,3.0,58.0,0.0,174.0
OL-171,TRN-9074,C302,1.0,50.0,0.0,50.0
OL-172,TRN-9075,P202,2.0,65.0,0.0,130.0
OL-173,TRN-9075,P102,3.0,80.0,0.0,240.0
OL-174,TRN-9075, P102 ,2.0,80.0,0.0,160.0
OL-175,TRN-9075,P202,3.0,65.0,0.0,195.0
OL-176,TRN-9076,P202,1.0,65.0,0.0,65.0
OL-177,TRN-9076,C301,2.0,55.0,0.0,110.0
OL-178,TRN-9076,C304,2.0,58.0,0.0,116.0
OL-187,TRN-9079,P201,2.0,70.0,0.0,140.0
OL-188,TRN-9121,P203,2.0,68.0,0.0,136.0
OL-189,TRN-9079,C302,2.0,50.0,0.0,100.0
OL-190,TRN-9080,C304,3.0,58.0,0.0,174.0
OL-191,TRN-9080,C301,3.0,55.0,0.0,165.0
OL-193,TRN-9081,P102,1.0,80.0,0.0,80.0
OL-194,TRN-9082,C304,2.0,58.0,0.0,116.0
OL-195,TRN-9082,C301,2.0,70.0,0.0,110.0
OL-196,TRN-9082,P102,3.0,80.0,0.0,240.0
 OL-197 ,TRN-9082,C301,2.0,70.0,0.0,110.0
OL-198,TRN-9083,P101,3.0,85.0,0.0,255.0
OL-202,TRN-9085,C303,3.0,60.0,0.0,180.0
OL-203,TRN-9085, P101 ,1.0,85.0,0.0,85.0
OL-203,TRN-9085,P101,1.0,85.0,0.0,85.0
OL-205,TRN-9086,C303,2.0,60.0,0.0,120.0
OL-206,TRN-9086,P201,3.0,70.0,0.0,210.0
OL-207,TRN-9086,P202,2.0,65.0,0.0,130.0
OL-208,TRN-9086,P203,3.0,68.0,0.0,204.0
OL-209,TRN-9087,P101,3.0,85.0,0.0,85.0
OL-210,TRN-9087,P202,3.0,65.0,0.0,195.0
OL-213,TRN-9089,P103,2.0,95.0,0.0,190.0
OL-214,TRN-9089,C304,3.0,58.0,0.0,174.0
OL-215,TRN-9090,C301,1.0,70.0,0.0,55.0
OL-215,TRN-9090,C301,1.0,55.0,0.0,55.0
OL-217,TRN-9091, P102 ,1.0,80.0,0.05,76.0
OL-218,TRN-9091,C304,1.0,58.0,0.05,55.1
OL-220,TRN-9092,P202,2.0,65.0,0.05,123.5
OL-221,TRN-9092,P101,3.0,85.0,0.05,242.25
OL-222,TRN-9093,P203,2.0,68.0,0.05,110.0
OL-223,TRN-9094,C303,1.0,60.0,0.0,60.0
OL-224,TRN-9094,C301,3.0,55.0,0.0,165.0
OL-225,TRN-9094,C301,1.0,55.0,0.0,55.0
OL-230,TRN-9096,C304,3.0,58.0,0.1,156.6
OL-231,TRN-9097,P203,2.0,68.0,0.0,136.0
OL-232,TRN-9098,P201,3.0,70.0,0.0,210.0
OL-233,TRN-9098,C301,3.0,85.0,0.0,255.0
OL-234,TRN-9099,P201,1.0,70.0,0.05,66.5
OL-236,TRN-9100,P201,1.0,70.0,0.0,110.0
OL-237,TRN-9100,P201,1.0,70.0,0.0,70.0
OL-241,TRN-9102,C303,2.0,60.0,0.0,120.0
OL-242,TRN-9102,P203,3.0,68.0,0.0,204.0
OL-243,TRN-9102,C302,3.0,50.0,0.0,150.0
OL-244,TRN-9103,P201,3.0,70.0,0.05,199.5
OL-246,TRN-9104,P103,3.0,95.0,0.1,256.5
OL-247,TRN-9104,C301,3.0,65.0,0.1,175.5
OL-248,TRN-9104,P101,1.0,70.0,0.1,76.5
OL-249,TRN-9105,C304,3.0,58.0,0.05,165.3
OL-250,TRN-9105,P202,1.0,65.0,0.05,61.75
OL-252,TRN-9107,P101,3.0,85.0,0.0,255.0
OL-253,TRN-9107,P202,3.0,65.0,0.0,130.0
OL-254,TRN-9108,P202,1.0,65.0,0.0,61.75
OL-255,TRN-9108,P103,3.0,95.0,0.05,270.75
OL-256,TRN-9108,C301,2.0,58.0,0.05,110.2
OL-257,TRN-9121,P202,3.0,65.0,0.0,195.0
OL-258,TRN-9110,P202,2.0,65.0,0.05,123.5
OL-259,TRN-9110, P202 ,3.0,65.0,0.05,185.25
OL-260,TRN-9110,P101,1.0,85.0,0.05,80.75
OL-1049,TRN-9110,P201,1.0,70.0,0.05,66.5
OL-262,TRN-9111,C303,1.0,60.0,0.0,60.0
OL-263,TRN-9112,P101,1.0,85.0,0.0,85.0
OL-264,TRN-9112,C301,2.0,68.0,0.0,136.0
OL-265,TRN-9112,P201,2.0,70.0,0.0,110.0
OL-266,TRN-9112,P203,1.0,68.0,0.0,68.0
OL-267,TRN-9113,P203,2.0,68.0,0.1,122.4
OL-268,TRN-9113,P201,3.0,70.0,0.1,189.0
OL-269, TRN-9114 ,P102,3.0,80.0,0.0,240.0
OL-270,TRN-9114,P102,3.0,80.0,0.0,240.0
OL-1049,TRN-9115,P201,3.0,70.0,0.1,189.0
OL-272,TRN-9115,P102,1.0,80.0,0.1,72.0
OL-273,TRN-9116,C301,1.0,55.0,0.1,49.5
OL-274,TRN-9117,P203,3.0,68.0,0.0,204.0
OL-275,TRN-9117,P201,3.0,70.0,0.0,210.0
OL-276,TRN-9118,P203,2.0,68.0,0.0,136.0
OL-277,TRN-9118,P201,1.0,70.0,0.0,70.0
OL-278,TRN-9118, P102 ,1.0,80.0,0.0,80.0
OL-278,TRN-9118,P102,1.0,80.0,0.0,80.0
OL-280,TRN-9119,C302,1.0,50.0,0.0,50.0
OL-281,TRN-9121,C304,1.0,58.0,0.0,58.0
OL-282,TRN-9120,C302,1.0,50.0,0.0,50.0
OL-283,TRN-9121,P202,1.0,65.0,0.05,61.75
OL-284,TRN-9121,C303,1.0,60.0,0.05,57.0
OL-285,TRN-9121,P102,2.0,80.0,0.05,152.0
OL-286,TRN-9121,P101,1.0,85.0,0.05,80.75
OL-288,TRN-9122,C303,2.0,60.0,0.05,114.0
OL-289,TRN-9122,C304,3.0,58.0,0.05,165.3
OL-290,TRN-9123,C303,3.0,60.0,0.05,171.0
OL-291,TRN-9124,C303,3.0,60.0,0.0,180.0
OL-292,TRN-9124,P203,3.0,68.0,0.0,204.0
OL-293,TRN-9125,P101,2.0,85.0,0.0,153.0
OL-294,TRN-9125,C301,1.0,70.0,0.1,49.5
OL-295,TRN-9126,C302,3.0,50.0,0.0,150.0
OL-296,TRN-9126,P203,1.0,68.0,0.0,68.0
OL-297,TRN-9126, P201 ,2.0,70.0,0.0,110.0
OL-298,TRN-9126, P203 ,3.0,68.0,0.0,204.0
OL-1049,TRN-9127,C303,3.0,60.0,0.0,180.0
OL-300,TRN-9127, C301 ,1.0,55.0,0.0,55.0
OL-301,TRN-9128,P103,3.0,95.0,0.0,285.0
OL-302,TRN-9128,P202,3.0,65.0,0.0,195.0
OL-303,TRN-9128,P202,2.0,65.0,0.0,130.0
OL-304,TRN-9128,P101,3.0,85.0,0.0,255.0
OL-306,TRN-9129,C302,2.0,50.0,0.0,100.0
OL-307,TRN-9129,C301,2.0,55.0,0.0,110.0
OL-308,TRN-9129,P202,3.0,65.0,0.0,195.0
OL-310,TRN-9131,P102,3.0,80.0,0.0,240.0
OL-311,TRN-9132, C304 ,3.0,58.0,0.0,174.0
OL-312,TRN-9132,P201,2.0,70.0,0.0,140.0
OL-313,TRN-9132,P201,1.0,70.0,0.0,70.0
OL-314,TRN-9132,P102,3.0,80.0,0.0,240.0
 OL-315 ,TRN-9133, C301 ,3.0,55.0,0.0,165.0
OL-315,TRN-9133,C301,3.0,55.0,0.0,165.0
OL-317,TRN-9133,P103,3.0,95.0,0.0,110.0
OL-318,TRN-9121,C302,3.0,50.0,0.0,135.0
OL-319,TRN-9134,C301,3.0,58.0,0.1,156.6
OL-320,TRN-9135,C304,3.0,58.0,0.05,165.3
OL-321,TRN-9135,C304,1.0,58.0,0.05,55.1
OL-322,TRN-9135,C301,2.0,55.0,0.05,104.5
OL-323,TRN-9135,P103,3.0,95.0,0.05,90.25
OL-1049,TRN-9136,P102,2.0,80.0,0.0,160.0
OL-325,TRN-9137,P102,1.0,80.0,0.0,80.0
OL-326,TRN-9138,P103,3.0,95.0,0.0,285.0
OL-327,TRN-9138,C302,1.0,50.0,0.0,50.0
OL-329,TRN-9138,C304,3.0,58.0,0.0,174.0
OL-336,TRN-9141,P201,1.0,70.0,0.1,63.0
OL-338,TRN-9143,C303,1.0,60.0,0.0,60.0
OL-339,TRN-9143,C301,2.0,55.0,0.0,110.0
OL-340,TRN-9143,C301,1.0,55.0,0.0,55.0
OL-341,TRN-9144,C301,2.0,55.0,0.0,110.0
OL-342,TRN-9145,P101,1.0,85.0,0.0,85.0
OL-343,TRN-9145,P201,3.0,70.0,0.0,210.0
OL-344,TRN-9146,P101,3.0,85.0,0.0,255.0
OL-345,TRN-9146,C304,2.0,58.0,0.0,116.0
OL-347,TRN-9147,P103,1.0,95.0,0.0,95.0
OL-348,TRN-9147,P101,1.0,85.0,0.0,85.0
OL-349,TRN-9147, P201 ,3.0,70.0,0.0,210.0
OL-350,TRN-9148,C304,2.0,58.0,0.0,116.0
OL-351,TRN-9148,C304,3.0,58.0,0.0,174.0
OL-352,TRN-9149,C302,2.0,50.0,0.0,100.0
OL-353,TRN-9149,C301,2.0,70.0,0.0,110.0
 OL-354 ,TRN-9149,P103,2.0,95.0,0.0,190.0
OL-355,TRN-9150,P201,1.0,70.0,0.0,70.0
OL-356,TRN-9150,C304,1.0,58.0,0.0,58.0
OL-357,TRN-9150,P203,3.0,68.0,0.0,204.0
OL-358,TRN-9151,C302,1.0,50.0,0.0,50.0
OL-359,TRN-9152,P101,2.0,85.0,0.0,170.0
OL-360,TRN-9152,P201,1.0,70.0,0.0,70.0
OL-361,TRN-9152,P201,1.0,70.0,0.0,70.0
OL-362,TRN-9153,P103,2.0,95.0,0.0,190.0
OL-363,TRN-9153,P203,3.0,68.0,0.0,204.0
OL-364,TRN-9154,P102,3.0,80.0,0.1,216.0
OL-365,TRN-9154,C304,3.0,58.0,0.1,156.6
OL-366,TRN-9154,P102,1.0,80.0,0.1,72.0
OL-367,TRN-9155,P101,2.0,85.0,0.0,170.0
OL-368,TRN-9155,C304,2.0,58.0,0.0,116.0
 OL-369 ,TRN-9156,C302,2.0,50.0,0.0,100.0
OL-370,TRN-9156,P203,1.0,68.0,0.0,68.0
OL-371,TRN-9157, P202 ,1.0,65.0,0.1,58.5
OL-372,TRN-9157,P101,1.0,85.0,0.1,76.5
OL-373,TRN-9157,P203,2.0,68.0,0.1,122.4
OL-374,TRN-9157,C304,2.0,58.0,0.1,104.4
OL-375,TRN-9158,C303,3.0,60.0,0.1,162.0
OL-376, TRN-9158 ,P201,1.0,70.0,0.1,63.0
OL-377,TRN-9159,C301,1.0,70.0,0.0,70.0
OL-378,TRN-9159,C304,2.0,58.0,0.0,116.0
OL-379,TRN-9159,C302,2.0,50.0,0.0,100.0
OL-381, TRN-9161 ,C304,2.0,58.0,0.0,116.0
 OL-382 ,TRN-9161,P203,3.0,68.0,0.0,204.0
OL-383,TRN-9161,P101,3.0,85.0,0.0,255.0
OL-384,TRN-9162,C303,3.0,60.0,0.0,110.0
OL-1049,TRN-9162,P201,2.0,70.0,0.0,110.0
OL-386,TRN-9162,C302,3.0,50.0,0.0,150.0
OL-387,TRN-9163,P103,3.0,95.0,0.0,285.0
OL-388,TRN-9164,P101,3.0,85.0,0.0,255.0
OL-389,TRN-9164,P203,1.0,68.0,0.0,68.0
OL-390,TRN-9165,C303,1.0,60.0,0.0,60.0
OL-391,TRN-9165,P103,1.0,95.0,0.0,95.0
OL-1049,TRN-9165,C301,1.0,55.0,0.0,55.0
OL-393,TRN-9166,P201,2.0,70.0,0.0,140.0
OL-394,TRN-9166,P101,2.0,85.0,0.0,170.0
OL-395,TRN-9166,C301,3.0,70.0,0.0,110.0
OL-395,TRN-9166,P201,3.0,70.0,0.0,210.0
OL-397,TRN-9167,C301,1.0,55.0,0.0,55.0
OL-398,TRN-9168,P201,2.0,70.0,0.0,140.0
OL-399,TRN-9168,P203,3.0,68.0,0.0,204.0
OL-400,TRN-9168,P201,1.0,70.0,0.0,70.0
OL-401,TRN-9169,P203,2.0,68.0,0.0,136.0
OL-402,TRN-9169,C303,3.0,60.0,0.0,180.0
OL-403, TRN-9169 ,C301,1.0,55.0,0.0,55.0
OL-404,TRN-9169,P102,1.0,80.0,0.0,80.0
OL-405,TRN-9170,P202,3.0,65.0,0.0,195.0
OL-406,TRN-9170,C301,3.0,55.0,0.0,165.0
OL-407,TRN-9170,P103,3.0,95.0,0.0,285.0
OL-408,TRN-9171,P103,3.0,95.0,0.0,285.0
OL-409,TRN-9171,C303,1.0,60.0,0.0,60.0
OL-410,TRN-9172,C301,2.0,55.0,0.0,110.0
 OL-411 ,TRN-9172,P203,2.0,68.0,0.0,136.0
OL-412,TRN-9172,C303,3.0,60.0,0.0,180.0
OL-413,TRN-9121,P102,1.0,80.0,0.0,80.0
OL-414, TRN-9173 ,C301,3.0,55.0,0.0,165.0
OL-415,TRN-9174,P202,1.0,65.0,0.05,61.75
OL-416,TRN-9121,C304,3.0,58.0,0.0,174.0
OL-417,TRN-9175, P203 ,3.0,68.0,0.0,204.0
OL-418,TRN-9175,C303,3.0,60.0,0.0,180.0
OL-419,TRN-9175,C303,3.0,60.0,0.0,120.0
OL-420,TRN-9176,P103,3.0,95.0,0.0,285.0
OL-421,TRN-9176,P103,3.0,95.0,0.0,285.0
OL-422,TRN-9176,P102,3.0,80.0,0.0,240.0
OL-1049,TRN-9177,P203,3.0,68.0,0.0,110.0
OL-424, TRN-9177 ,C302,2.0,50.0,0.0,110.0
OL-424,TRN-9177,C302,2.0,50.0,0.0,100.0
OL-426,TRN-9178,C304,2.0,58.0,0.1,104.4
OL-427,TRN-9178,P101,2.0,70.0,0.1,153.0
OL-428,TRN-9178,P101,3.0,85.0,0.1,153.0
OL-1049,TRN-9179,C301,1.0,55.0,0.0,55.0
OL-430,TRN-9179,C303,3.0,60.0,0.0,180.0
OL-431,TRN-9179,P102,2.0,80.0,0.0,160.0
OL-1049,TRN-9180,C302,2.0,70.0,0.0,100.0
OL-434,TRN-9180,P201,1.0,70.0,0.0,70.0
OL-435,TRN-9180,P202,3.0,65.0,0.0,195.0
OL-436,TRN-9180, P103 ,2.0,95.0,0.0,190.0
OL-437,TRN-9181,P103,2.0,70.0,0.0,190.0
OL-438,TRN-9181,C301,3.0,55.0,0.0,165.0
OL-439,TRN-9181,P102,3.0,80.0,0.0,240.0
OL-440,TRN-9181,P203,2.0,68.0,0.0,136.0
OL-442,TRN-9121,C303,1.0,60.0,0.0,60.0
OL-443,TRN-9183,C301,2.0,55.0,0.0,110.0
OL-444,TRN-9183,P102,2.0,80.0,0.0,160.0
OL-445,TRN-9183,P101,3.0,85.0,0.0,255.0
OL-446,TRN-9184,P201,1.0,70.0,0.05,66.5
OL-447,TRN-9185,C303,3.0,60.0,0.0,180.0
OL-448,TRN-9185,C303,3.0,60.0,0.0,180.0
OL-1049,TRN-9185,P201,3.0,70.0,0.0,210.0
 OL-454 ,TRN-9121,C304,1.0,58.0,0.0,58.0
OL-455,TRN-9187,C301,2.0,60.0,0.0,120.0
OL-456,TRN-9188,P102,1.0,80.0,0.0,80.0
OL-457,TRN-9188,P201,3.0,70.0,0.0,210.0
OL-458,TRN-9188,P102,1.0,80.0,0.0,80.0
OL-459,TRN-9188,C303,3.0,60.0,0.0,180.0
OL-461,TRN-9189,C301,1.0,55.0,0.0,46.75
OL-464,TRN-9190,C304,1.0,58.0,0.0,58.0
OL-465,TRN-9190, P201 ,1.0,70.0,0.0,70.0
OL-466,TRN-9191,P201,3.0,70.0,0.0,210.0
OL-467,TRN-9191,P102,1.0,80.0,0.0,80.0
OL-468,TRN-9192, P102 ,2.0,80.0,0.0,110.0
OL-469,TRN-9193,C301,1.0,55.0,0.1,49.5
OL-470,TRN-9193,C301,2.0,55.0,0.1,99.0
OL-473,TRN-9195,C301,3.0,55.0,0.0,165.0
OL-474,TRN-9195,P202,2.0,65.0,0.0,130.0
OL-475,TRN-9196,C301,3.0,55.0,0.0,165.0
OL-476,TRN-9196,P203,3.0,68.0,0.0,204.0
OL-477,TRN-9196,P202,2.0,65.0,0.0,130.0
OL-479,TRN-9198,C301,3.0,70.0,0.0,110.0
OL-480,TRN-9198, C302 ,1.0,50.0,0.0,50.0
OL-481,TRN-9198,P201,3.0,70.0,0.0,210.0
OL-482,TRN-9198,P102,2.0,80.0,0.0,160.0
OL-488,TRN-9200,P103,1.0,95.0,0.0,80.75
OL-489, TRN-9201 ,P102,2.0,80.0,0.0,160.0
OL-490,TRN-9201,C303,1.0,60.0,0.0,60.0
OL-491,TRN-9201,P201,3.0,70.0,0.0,210.0
OL-492,TRN-9202,C304,3.0,58.0,0.05,165.3
OL-493,TRN-9202,C302,3.0,50.0,0.05,142.5
OL-494,TRN-9203,P101,1.0,85.0,0.05,80.75
OL-495,TRN-9204,P102,2.0,70.0,0.05,152.0
OL-496,TRN-9205,C304,3.0,58.0,0.0,52.2
OL-497,TRN-9205,C301,2.0,50.0,0.1,90.0
 OL-498 , TRN-9205 ,P201,1.0,70.0,0.1,63.0
OL-499,TRN-9205,P201,2.0,70.0,0.1,126.0
OL-501,TRN-9207,C304,3.0,58.0,0.0,174.0
OL-502,TRN-9207,C302,3.0,50.0,0.0,150.0
OL-503,TRN-9207, C302 ,3.0,50.0,0.0,150.0
OL-504,TRN-9208,P201,1.0,70.0,0.0,70.0
OL-505,TRN-9208,C304,3.0,58.0,0.0,174.0
OL-506,TRN-9208,P202,2.0,65.0,0.0,130.0
OL-507,TRN-9208,P201,3.0,70.0,0.0,210.0
OL-508,TRN-9209, C304 ,3.0,58.0,0.0,174.0
OL-509,TRN-9209,P202,1.0,65.0,0.0,65.0
 OL-510 ,TRN-9209,P202,2.0,65.0,0.0,130.0
OL-511,TRN-9210,P201,2.0,70.0,0.0,140.0
OL-512,TRN-9210,P102,1.0,80.0,0.0,80.0
OL-513,TRN-9210,P102,3.0,80.0,0.0,240.0
OL-514, TRN-9211 ,C304,3.0,58.0,0.0,174.0
OL-515,TRN-9212,C301,1.0,55.0,0.1,49.5
OL-517,TRN-9212,P102,1.0,80.0,0.1,72.0
OL-518,TRN-9212,P101,1.0,85.0,0.1,76.5
OL-522,TRN-9214,P202,3.0,65.0,0.0,195.0
OL-523,TRN-9214,P102,2.0,80.0,0.0,160.0
OL-524,TRN-9214,C303,3.0,60.0,0.0,180.0
OL-525,TRN-9214,P102,3.0,80.0,0.0,240.0
OL-526,TRN-9215,P201,3.0,70.0,0.0,110.0
OL-527,TRN-9215,C303,3.0,60.0,0.0,180.0
OL-528,TRN-9215,C304,3.0,58.0,0.0,174.0
OL-529,TRN-9216,P102,3.0,80.0,0.1,216.0
OL-530,TRN-9216,P101,3.0,85.0,0.1,229.5
OL-531,TRN-9216,C301,1.0,55.0,0.1,49.5
OL-532,TRN-9216,P201,3.0,70.0,0.1,189.0
OL-533,TRN-9217,P103,3.0,95.0,0.0,285.0
OL-534,TRN-9217,P201,2.0,70.0,0.0,140.0
OL-535,TRN-9217,P202,1.0,65.0,0.0,65.0
OL-536,TRN-9217,P102,3.0,80.0,0.0,240.0
OL-537,TRN-9218,P101,3.0,85.0,0.0,255.0
OL-538,TRN-9218, C304 ,3.0,58.0,0.0,174.0
OL-539,TRN-9219,C301,3.0,55.0,0.0,165.0
OL-540,TRN-9219,C301,3.0,55.0,0.0,165.0
OL-541,TRN-9219,P101,2.0,85.0,0.0,170.0
OL-542,TRN-9220,P202,2.0,65.0,0.0,130.0
OL-543,TRN-9220,P201,1.0,70.0,0.0,70.0
 OL-544 , TRN-9221 ,C302,3.0,50.0,0.05,110.0
OL-545,TRN-9222,C301,2.0,55.0,0.05,104.5
OL-546,TRN-9223,P103,2.0,95.0,0.05,180.5
OL-547,TRN-9223, P201 ,3.0,70.0,0.05,199.5
OL-548,TRN-9224,P101,1.0,85.0,0.0,85.0
OL-549,TRN-9224,P203,3.0,68.0,0.0,204.0
OL-550,TRN-9225, P102 ,3.0,80.0,0.0,240.0
OL-551,TRN-9225,P201,1.0,70.0,0.0,70.0
OL-552,TRN-9226,P102,2.0,80.0,0.0,160.0
OL-553,TRN-9227,P201,1.0,70.0,0.05,66.5
OL-554,TRN-9227,C304,1.0,58.0,0.05,55.1
OL-555,TRN-9228,P201,2.0,70.0,0.0,140.0
OL-1049,TRN-9228,P203,2.0,68.0,0.0,136.0
OL-557,TRN-9228,C303,1.0,60.0,0.0,110.0
OL-558,TRN-9229,P102,2.0,70.0,0.0,160.0
OL-559,TRN-9229,C301,1.0,85.0,0.0,85.0
 OL-560 ,TRN-9230,P203,3.0,68.0,0.0,204.0
OL-560,TRN-9230,P203,3.0,68.0,0.0,204.0
OL-562,TRN-9231,P201,2.0,70.0,0.0,140.0
OL-563,TRN-9231,C302,3.0,50.0,0.0,150.0
OL-564,TRN-9232,C303,1.0,60.0,0.0,60.0
OL-565,TRN-9232, P201 ,1.0,70.0,0.0,70.0
OL-566,TRN-9233,P101,1.0,85.0,0.0,85.0
OL-567,TRN-9233,C303,1.0,60.0,0.0,60.0
OL-568,TRN-9233,P103,2.0,95.0,0.0,190.0
OL-569,TRN-9234,C301,2.0,55.0,0.1,99.0
OL-570,TRN-9234,C303,1.0,60.0,0.1,54.0
OL-571,TRN-9235,C302,1.0,50.0,0.0,50.0
OL-572,TRN-9236,C301,3.0,55.0,0.0,165.0
OL-573,TRN-9236,P102,1.0,80.0,0.0,80.0
OL-574,TRN-9236,P201,2.0,70.0,0.0,140.0
OL-575,TRN-9237,C301,2.0,55.0,0.0,110.0
OL-576,TRN-9121,C302,3.0,50.0,0.0,150.0
OL-1049,TRN-9238,P201,2.0,70.0,0.0,140.0
OL-577,TRN-9238,P201,2.0,70.0,0.0,140.0
OL-579,TRN-9238,P201,3.0,70.0,0.0,210.0
 OL-580 ,TRN-9238,C304,3.0,58.0,0.0,174.0
OL-581,TRN-9239,C303,1.0,60.0,0.1,54.0
OL-582,TRN-9239,C303,3.0,60.0,0.1,162.0
OL-583,TRN-9239,P201,2.0,70.0,0.1,126.0
OL-586,TRN-9242,P203,1.0,68.0,0.0,68.0
OL-587,TRN-9242,C304,1.0,58.0,0.0,58.0
OL-1049,TRN-9243,C301,1.0,55.0,0.0,55.0
OL-589,TRN-9243,P203,2.0,68.0,0.0,110.0
OL-590,TRN-9243,P201,3.0,70.0,0.0,210.0
OL-591,TRN-9244,C302,1.0,50.0,0.0,110.0
OL-592,TRN-9244,P101,2.0,85.0,0.0,170.0
OL-593,TRN-9244,P201,2.0,70.0,0.0,140.0
OL-594,TRN-9244,P101,2.0,85.0,0.0,170.0
OL-595,TRN-9245,C301,3.0,55.0,0.0,165.0
OL-596,TRN-9245,P201,1.0,70.0,0.0,70.0
OL-597,TRN-9246,P201,3.0,70.0,0.0,210.0
OL-598,TRN-9246,C303,2.0,60.0,0.0,120.0
OL-599,TRN-9247,C303,2.0,60.0,0.0,120.0
OL-600,TRN-9247,P203,1.0,68.0,0.0,68.0
OL-601,TRN-9247,C302,1.0,50.0,0.0,50.0
OL-602,TRN-9247,P101,3.0,85.0,0.0,255.0
OL-603,TRN-9248,P202,2.0,65.0,0.0,130.0
OL-604,TRN-9249,P201,3.0,70.0,0.0,210.0
OL-1049,TRN-9249,P201,1.0,70.0,0.0,70.0
OL-606,TRN-9249,C303,1.0,60.0,0.0,60.0
OL-607,TRN-9249,C304,1.0,58.0,0.0,58.0
OL-615,TRN-9252,P101,1.0,85.0,0.0,85.0
OL-616,TRN-9252,P101,3.0,85.0,0.0,255.0
OL-617, TRN-9253 ,P103,2.0,95.0,0.0,190.0
OL-618,TRN-9253,P103,1.0,95.0,0.0,95.0
OL-619,TRN-9254,C302,1.0,50.0,0.0,50.0
OL-620,TRN-9254,P201,3.0,70.0,0.0,210.0
OL-621,TRN-9254,C304,3.0,70.0,0.0,174.0
OL-622,TRN-9254,C304,2.0,58.0,0.0,110.0
OL-623,TRN-9255,P202,2.0,65.0,0.0,130.0
OL-624,TRN-9255,C302,3.0,50.0,0.0,150.0
OL-625, TRN-9255 ,C303,2.0,60.0,0.0,120.0
OL-626,TRN-9256,P202,3.0,65.0,0.0,195.0
OL-628,TRN-9256,P101,2.0,85.0,0.0,170.0
OL-629,TRN-9257,C303,1.0,60.0,0.0,60.0
OL-630,TRN-9257,P103,3.0,95.0,0.0,285.0
OL-631,TRN-9258,P102,3.0,80.0,0.0,240.0
OL-632,TRN-9258,P203,1.0,68.0,0.0,68.0
OL-633,TRN-9258,C301,1.0,55.0,0.0,55.0
OL-634, TRN-9258 ,C302,3.0,50.0,0.0,150.0
OL-635,TRN-9121,C304,3.0,58.0,0.1,156.6
OL-636,TRN-9260,C302,2.0,50.0,0.0,100.0
OL-637,TRN-9261,P202,3.0,65.0,0.0,195.0
OL-638,TRN-9262,P201,2.0,70.0,0.0,140.0
OL-1049,TRN-9262,P201,2.0,70.0,0.0,140.0
OL-640,TRN-9262,C301,2.0,55.0,0.0,110.0
OL-641,TRN-9263,C303,3.0,60.0,0.1,162.0
OL-642,TRN-9264,C302,3.0,50.0,0.1,135.0
OL-643,TRN-9264,C303,2.0,60.0,0.1,108.0
OL-644,TRN-9264,P201,2.0,70.0,0.1,110.0
OL-645,TRN-9265,P201,2.0,70.0,0.0,140.0
OL-646,TRN-9265,P201,2.0,70.0,0.0,140.0
OL-647,TRN-9265,C302,1.0,50.0,0.0,50.0
OL-648,TRN-9265, P202 ,1.0,65.0,0.0,65.0
OL-649,TRN-9266,P201,3.0,70.0,0.0,210.0
OL-650,TRN-9267,P202,1.0,65.0,0.0,65.0
OL-651,TRN-9267,C303,3.0,60.0,0.0,180.0
 OL-652 ,TRN-9267,C301,3.0,55.0,0.0,165.0
OL-653,TRN-9267,P103,2.0,95.0,0.0,190.0
OL-654,TRN-9268,P103,1.0,95.0,0.0,90.25
OL-655,TRN-9269,P201,3.0,70.0,0.0,210.0
OL-1049,TRN-9121,C304,3.0,58.0,0.0,174.0
OL-657,TRN-9121,C304,3.0,58.0,0.0,174.0
OL-658,TRN-9271,C302,3.0,50.0,0.0,150.0
OL-659,TRN-9271,C304,3.0,58.0,0.0,174.0
OL-660,TRN-9271,P102,3.0,80.0,0.0,240.0
OL-661,TRN-9271,C302,3.0,50.0,0.0,150.0
OL-662,TRN-9272,C301,3.0,55.0,0.0,165.0
OL-663,TRN-9272, P101 ,3.0,85.0,0.0,255.0
OL-664,TRN-9272,C302,2.0,70.0,0.0,100.0
OL-1049,TRN-9272,C304,3.0,58.0,0.0,174.0
OL-670,TRN-9274, P101 ,2.0,85.0,0.0,170.0
OL-671,TRN-9274,C302,3.0,50.0,0.0,150.0
OL-672,TRN-9274,P103,2.0,95.0,0.0,190.0
OL-673,TRN-9275,C303,3.0,60.0,0.0,180.0
OL-674,TRN-9276,P101,2.0,85.0,0.1,153.0
OL-675,TRN-9276,P202,1.0,65.0,0.1,58.5
OL-1049,TRN-9277,P201,3.0,70.0,0.0,210.0
OL-677,TRN-9278,P203,2.0,68.0,0.0,136.0
OL-680,TRN-9121,C304,2.0,58.0,0.0,98.6
OL-682,TRN-9280, C303 ,1.0,60.0,0.0,60.0
OL-683,TRN-9280,P202,2.0,65.0,0.0,130.0
OL-684,TRN-9280, P203 ,1.0,68.0,0.0,68.0
OL-690,TRN-9283,C301,2.0,55.0,0.0,110.0
OL-691,TRN-9283,C303,1.0,60.0,0.0,60.0
 OL-694 , TRN-9285 ,C303,3.0,60.0,0.0,180.0
OL-696,TRN-9286,P103,2.0,95.0,0.0,161.5
OL-698,TRN-9287,C304,3.0,58.0,0.0,174.0
OL-699,TRN-9288,C302,1.0,50.0,0.0,50.0
 OL-700 ,TRN-9288,C304,3.0,58.0,0.0,174.0
OL-1049,TRN-9288,C301,3.0,55.0,0.0,165.0
OL-702,TRN-9288,C302,2.0,50.0,0.0,100.0
OL-1049,TRN-9289,P203,2.0,68.0,0.0,136.0
OL-704,TRN-9289,P203,2.0,68.0,0.0,136.0
OL-706,TRN-9289,C302,3.0,50.0,0.0,150.0
OL-707,TRN-9290, P202 ,1.0,65.0,0.05,61.75
OL-708,TRN-9291, P102 ,2.0,80.0,0.0,160.0
OL-709,TRN-9291,P102,3.0,80.0,0.0,240.0
OL-710,TRN-9291,C304,3.0,58.0,0.0,174.0
OL-711,TRN-9291,C301,3.0,55.0,0.0,165.0
OL-712,TRN-9292,C302,1.0,50.0,0.05,47.5
OL-713,TRN-9292,P202,2.0,65.0,0.05,123.5
 OL-714 ,TRN-9292,C301,1.0,55.0,0.05,52.25
OL-715,TRN-9292,P203,2.0,68.0,0.05,129.2
OL-716,TRN-9293, C302 ,2.0,50.0,0.0,100.0
OL-717,TRN-9293,C304,1.0,58.0,0.0,58.0
OL-719,TRN-9293,P203,3.0,68.0,0.0,204.0
OL-720,TRN-9294,P201,1.0,70.0,0.05,66.5
OL-721,TRN-9294,C303,3.0,60.0,0.0,171.0
OL-722,TRN-9294,P203,2.0,68.0,0.05,129.2
OL-723,TRN-9294,P103,1.0,95.0,0.05,90.25
OL-724, TRN-9295 ,C301,3.0,55.0,0.1,148.5
OL-725,TRN-9295,C302,1.0,50.0,0.1,45.0
OL-726,TRN-9296,C301,3.0,55.0,0.0,165.0
OL-727,TRN-9297,P202,2.0,65.0,0.0,130.0
OL-1049,TRN-9298,P203,3.0,68.0,0.0,204.0
OL-730,TRN-9298,P102,2.0,80.0,0.0,160.0
OL-731,TRN-9298,P202,3.0,65.0,0.0,195.0
OL-732,TRN-9298,C302,1.0,50.0,0.0,50.0
OL-733,TRN-9299,P102,1.0,80.0,0.05,76.0
OL-734,TRN-9300,C302,2.0,50.0,0.0,100.0
OL-735,TRN-9300,P202,1.0,65.0,0.0,65.0
OL-736,TRN-9300,C302,2.0,50.0,0.0,100.0
OL-737,TRN-9300, P102 ,2.0,80.0,0.0,160.0
OL-738,TRN-9301,P101,3.0,85.0,0.05,242.25
OL-739,TRN-9301,C303,2.0,60.0,0.05,114.0
OL-740,TRN-9301,P202,3.0,65.0,0.0,185.25
OL-741,TRN-9302,C301,1.0,55.0,0.0,55.0
OL-742,TRN-9303,P101,1.0,85.0,0.1,76.5
OL-743,TRN-9304,P103,3.0,95.0,0.0,285.0
OL-744,TRN-9304,P101,2.0,85.0,0.0,170.0
OL-745,TRN-9304,C303,3.0,60.0,0.0,180.0
OL-746,TRN-9121,P102,2.0,80.0,0.0,160.0
 OL-747 ,TRN-9305,C301,3.0,55.0,0.0,165.0
OL-748,TRN-9305,P103,3.0,95.0,0.0,285.0
OL-750,TRN-9306,C304,1.0,58.0,0.0,110.0
OL-1049,TRN-9307,P102,1.0,80.0,0.0,80.0
OL-752,TRN-9308,C304,1.0,58.0,0.0,58.0
OL-753,TRN-9308,C301,1.0,55.0,0.0,55.0
OL-754,TRN-9308,C304,1.0,58.0,0.0,58.0
OL-755,TRN-9309,P203,1.0,68.0,0.0,68.0
OL-757,TRN-9309,C301,1.0,95.0,0.0,95.0
OL-757,TRN-9309,P103,1.0,95.0,0.0,95.0
 OL-759 ,TRN-9310,P203,2.0,68.0,0.0,136.0
OL-760, TRN-9310 ,C301,3.0,55.0,0.0,110.0
OL-761,TRN-9310,P103,2.0,95.0,0.0,190.0
OL-762,TRN-9311,P203,2.0,68.0,0.0,136.0
OL-763,TRN-9311,P203,2.0,68.0,0.0,136.0
OL-764,TRN-9311,C301,3.0,85.0,0.0,255.0
OL-1049,TRN-9311,P203,1.0,68.0,0.0,68.0
OL-766,TRN-9312,C304,1.0,58.0,0.0,58.0
OL-767,TRN-9313,P202,1.0,65.0,0.1,58.5
OL-768,TRN-9313,P102,3.0,80.0,0.1,216.0
OL-769,TRN-9314,P102,2.0,80.0,0.0,160.0
OL-770,TRN-9314,P103,3.0,95.0,0.0,285.0
OL-771,TRN-9314,P202,1.0,65.0,0.0,65.0
OL-772,TRN-9315,C302,2.0,50.0,0.0,100.0
OL-773,TRN-9315,C302,1.0,50.0,0.0,50.0
OL-774,TRN-9316,P101,3.0,85.0,0.0,255.0
OL-775,TRN-9316,P102,2.0,80.0,0.0,160.0
OL-776, TRN-9316 ,P203,3.0,68.0,0.0,204.0
OL-777,TRN-9316,P101,2.0,85.0,0.0,170.0
OL-781,TRN-9318,P202,2.0,65.0,0.0,130.0
OL-785,TRN-9320,C302,3.0,50.0,0.05,142.5
OL-786,TRN-9320,P203,2.0,68.0,0.05,129.2
OL-787,TRN-9321,P202,2.0,65.0,0.05,123.5
OL-788,TRN-9121,P101,2.0,85.0,0.05,161.5
OL-789,TRN-9321,P203,2.0,68.0,0.05,129.2
OL-790,TRN-9121, P203 ,1.0,68.0,0.1,61.2
OL-791,TRN-9322,C301,3.0,55.0,0.1,148.5
OL-792,TRN-9322,P102,2.0,80.0,0.1,144.0
OL-793,TRN-9322,C304,1.0,58.0,0.1,52.2
OL-794,TRN-9323,C304,3.0,58.0,0.0,174.0
OL-795,TRN-9323,C302,3.0,70.0,0.0,150.0
OL-796, TRN-9324 ,P203,2.0,68.0,0.0,136.0
OL-797,TRN-9121,C301,2.0,70.0,0.0,140.0
OL-798, TRN-9325 ,P201,1.0,70.0,0.0,70.0
OL-799,TRN-9325,P201,1.0,70.0,0.0,70.0
OL-801,TRN-9327,P202,3.0,65.0,0.0,195.0
OL-802,TRN-9327,P203,2.0,68.0,0.0,136.0
OL-803,TRN-9328,C304,3.0,58.0,0.0,174.0
OL-804,TRN-9328,P102,3.0,80.0,0.0,240.0
OL-805,TRN-9328,C304,2.0,58.0,0.0,116.0
OL-806,TRN-9328, P201 ,3.0,70.0,0.0,210.0
OL-807,TRN-9329,C301,3.0,55.0,0.0,110.0
OL-812,TRN-9331,C303,3.0,60.0,0.0,180.0
OL-813,TRN-9331,C302,3.0,50.0,0.0,150.0
OL-814,TRN-9331,P103,2.0,95.0,0.0,190.0
OL-815,TRN-9332,P203,2.0,68.0,0.0,136.0
OL-816,TRN-9332,P203,3.0,68.0,0.0,204.0
OL-817,TRN-9333,P201,3.0,70.0,0.1,63.0
OL-817,TRN-9333,P201,1.0,70.0,0.1,63.0
OL-819,TRN-9334,P202,2.0,65.0,0.0,130.0
OL-821,TRN-9335,P201,1.0,70.0,0.1,110.0
OL-822,TRN-9335,P102,2.0,80.0,0.1,144.0
OL-823,TRN-9336,C303,3.0,60.0,0.0,180.0
OL-824,TRN-9336,P103,1.0,70.0,0.0,95.0
OL-825,TRN-9337,P203,1.0,68.0,0.0,68.0
OL-826,TRN-9337,C304,1.0,58.0,0.0,58.0
OL-827,TRN-9337,P202,3.0,65.0,0.0,195.0
OL-828,TRN-9337,P102,1.0,80.0,0.0,80.0
OL-829,TRN-9338,C304,1.0,58.0,0.1,52.2
OL-830,TRN-9338,C303,1.0,60.0,0.1,54.0
OL-832,TRN-9339,P202,2.0,65.0,0.0,130.0
OL-833,TRN-9340,P103,1.0,95.0,0.0,95.0
OL-834,TRN-9340,P103,1.0,95.0,0.0,95.0
OL-835,TRN-9340,C303,1.0,60.0,0.0,60.0
OL-836,TRN-9340,P202,2.0,65.0,0.0,130.0
OL-837,TRN-9341,P101,1.0,85.0,0.0,85.0
OL-839,TRN-9342,P101,1.0,85.0,0.05,80.75
OL-840,TRN-9342,P203,3.0,68.0,0.05,193.8
OL-1049, TRN-9343 ,P103,2.0,95.0,0.0,190.0
OL-842,TRN-9343,P202,2.0,65.0,0.0,130.0
OL-843,TRN-9343,P202,2.0,65.0,0.0,130.0
OL-844,TRN-9343,P102,3.0,80.0,0.0,240.0
OL-845,TRN-9344,C303,1.0,60.0,0.1,54.0
OL-846,TRN-9344,P202,2.0,65.0,0.1,117.0
OL-847,TRN-9344,C303,2.0,60.0,0.1,108.0
OL-848,TRN-9344,P103,2.0,95.0,0.1,171.0
OL-849,TRN-9345,P102,1.0,80.0,0.0,80.0
OL-850,TRN-9346,C301,1.0,55.0,0.0,55.0
OL-851,TRN-9346,P102,1.0,70.0,0.0,80.0
OL-852,TRN-9346,C303,1.0,60.0,0.0,60.0
OL-853,TRN-9346,C304,2.0,58.0,0.0,116.0
OL-854,TRN-9347,C304,1.0,58.0,0.05,55.1
OL-855,TRN-9348,C301,3.0,55.0,0.1,148.5
OL-856,TRN-9121,C301,2.0,68.0,0.1,122.4
OL-857,TRN-9348,P101,1.0,85.0,0.1,76.5
OL-858,TRN-9349,P101,3.0,85.0,0.0,255.0
OL-859,TRN-9349,P202,2.0,65.0,0.0,130.0
OL-860,TRN-9349,P101,3.0,85.0,0.0,255.0
OL-861,TRN-9350,P103,1.0,95.0,0.0,95.0
OL-862,TRN-9351,C304,2.0,58.0,0.05,110.2
OL-863,TRN-9351,P101,2.0,85.0,0.05,161.5
OL-864,TRN-9351,C301,2.0,55.0,0.05,110.0
OL-865,TRN-9351,P102,3.0,80.0,0.05,228.0
OL-866,TRN-9352,C301,2.0,55.0,0.0,110.0
OL-867,TRN-9352,P102,2.0,80.0,0.0,160.0
OL-868,TRN-9352,P201,1.0,70.0,0.0,70.0
OL-869,TRN-9121,P102,3.0,80.0,0.0,240.0
OL-869,TRN-9353,P102,3.0,80.0,0.0,240.0
OL-871,TRN-9353,C303,1.0,60.0,0.0,60.0
OL-872, TRN-9353 ,P101,3.0,70.0,0.0,255.0
OL-873,TRN-9354,P202,1.0,65.0,0.1,58.5
OL-874,TRN-9354,P101,3.0,85.0,0.1,229.5
OL-875, TRN-9354 ,P203,2.0,68.0,0.1,122.4
OL-876,TRN-9121,C304,1.0,58.0,0.0,58.0
OL-877,TRN-9355,P101,2.0,85.0,0.0,170.0
OL-878,TRN-9355,C304,1.0,58.0,0.0,110.0
OL-879,TRN-9356,P101,2.0,85.0,0.0,170.0
OL-880,TRN-9357,C304,2.0,58.0,0.1,104.4
OL-881,TRN-9357, C301 ,1.0,55.0,0.1,49.5
OL-882,TRN-9358,C302,2.0,50.0,0.0,100.0
OL-883,TRN-9359,C304,1.0,58.0,0.05,55.1
OL-884,TRN-9359,C303,2.0,60.0,0.05,114.0
 OL-885 ,TRN-9121,C303,1.0,60.0,0.05,57.0
OL-886,TRN-9360,C303,3.0,60.0,0.05,171.0
OL-887,TRN-9361,P201,1.0,70.0,0.05,66.5
OL-888,TRN-9362,P203,2.0,68.0,0.0,136.0
OL-889,TRN-9362,P102,3.0,80.0,0.0,240.0
OL-1049,TRN-9362,C301,2.0,55.0,0.0,110.0
OL-891,TRN-9363,C301,3.0,55.0,0.05,156.75
OL-892,TRN-9363,C301,2.0,55.0,0.05,104.5
OL-893,TRN-9363,P103,3.0,95.0,0.05,270.75
OL-1049,TRN-9364,P201,2.0,70.0,0.0,110.0
OL-896, TRN-9364 ,P203,2.0,68.0,0.0,136.0
OL-897,TRN-9364,P101,2.0,85.0,0.0,170.0
OL-898,TRN-9365,C304,2.0,58.0,0.05,110.2
OL-899,TRN-9365,P202,3.0,65.0,0.05,185.25
OL-900,TRN-9365,P203,2.0,68.0,0.0,129.2
OL-901,TRN-9365,P203,3.0,68.0,0.05,193.8
OL-902,TRN-9366,P203,1.0,68.0,0.0,68.0
OL-903,TRN-9366,P101,1.0,85.0,0.0,85.0
OL-904,TRN-9366,C304,2.0,58.0,0.0,116.0
OL-905,TRN-9366,P101,3.0,85.0,0.0,85.0
OL-1049,TRN-9368,C301,2.0,55.0,0.0,110.0
OL-910,TRN-9368,C301,3.0,55.0,0.0,165.0
OL-911,TRN-9368,C304,3.0,58.0,0.0,174.0
OL-912,TRN-9369,C302,2.0,50.0,0.05,95.0
OL-913,TRN-9369,P103,2.0,70.0,0.05,180.5
OL-914,TRN-9369,C304,1.0,58.0,0.05,55.1
OL-915,TRN-9369,P203,3.0,68.0,0.05,193.8
OL-916,TRN-9370,C304,3.0,58.0,0.0,174.0
OL-917,TRN-9371, P103 ,3.0,95.0,0.1,110.0
OL-918,TRN-9371,C301,2.0,55.0,0.1,99.0
OL-919,TRN-9372,C301,2.0,55.0,0.0,110.0
OL-920,TRN-9372,P102,2.0,80.0,0.0,160.0
OL-921,TRN-9373,C303,3.0,60.0,0.0,180.0
OL-922,TRN-9373, C301 ,2.0,55.0,0.0,110.0
OL-923,TRN-9373,C301,3.0,85.0,0.0,255.0
OL-924,TRN-9374,C303,1.0,60.0,0.05,57.0
OL-925,TRN-9375,C303,2.0,60.0,0.0,120.0
OL-926,TRN-9375,P103,3.0,95.0,0.0,285.0
OL-927,TRN-9375,P101,3.0,85.0,0.0,170.0
OL-928,TRN-9375,P202,3.0,65.0,0.0,195.0
OL-929,TRN-9376,P202,2.0,65.0,0.05,123.5
OL-930,TRN-9376,P102,1.0,80.0,0.05,76.0
OL-1049,TRN-9376,P101,2.0,85.0,0.05,161.5
OL-932,TRN-9376,C303,2.0,60.0,0.05,114.0
OL-1049,TRN-9377,P201,2.0,70.0,0.0,140.0
OL-934,TRN-9377,P101,1.0,85.0,0.0,85.0
OL-935,TRN-9377,C302,1.0,50.0,0.0,50.0
OL-936,TRN-9377,P202,3.0,70.0,0.0,195.0
OL-937,TRN-9378,C301,1.0,55.0,0.05,52.25
OL-938,TRN-9379,C304,1.0,58.0,0.0,58.0
OL-939,TRN-9380,C304,1.0,58.0,0.0,58.0
OL-940,TRN-9380,C301,2.0,55.0,0.0,110.0
OL-941,TRN-9380,C304,1.0,58.0,0.0,58.0
OL-942,TRN-9381,P203,3.0,68.0,0.0,204.0
OL-943,TRN-9382,C301,1.0,55.0,0.0,55.0
OL-944,TRN-9382,P101,3.0,85.0,0.0,255.0
OL-1049,TRN-9383,P102,3.0,80.0,0.0,240.0
OL-946,TRN-9383,P101,3.0,85.0,0.0,255.0
OL-1049,TRN-9384,P202,2.0,65.0,0.0,130.0
OL-948,TRN-9384,C301,3.0,55.0,0.0,165.0
OL-949,TRN-9121,P202,3.0,65.0,0.0,195.0
OL-950,TRN-9385,C302,2.0,50.0,0.0,110.0
OL-951,TRN-9385,P101,3.0,85.0,0.0,110.0
OL-952,TRN-9386,P101,1.0,85.0,0.0,85.0
OL-953,TRN-9386,C302,1.0,50.0,0.0,50.0
OL-954,TRN-9387,C301,3.0,55.0,0.0,165.0
OL-955,TRN-9387,C301,3.0,55.0,0.0,165.0
OL-956,TRN-9388,P201,2.0,70.0,0.0,140.0
OL-957,TRN-9388,C301,2.0,55.0,0.0,110.0
OL-958,TRN-9388,P101,2.0,85.0,0.0,110.0
OL-959,TRN-9388,P102,1.0,80.0,0.0,80.0
OL-964,TRN-9121,P202,1.0,65.0,0.0,65.0
OL-965,TRN-9390,C303,1.0,60.0,0.0,60.0
OL-966, TRN-9390 ,C301,1.0,55.0,0.0,55.0
OL-967,TRN-9390,C302,2.0,50.0,0.0,100.0
OL-968,TRN-9391,C301,3.0,55.0,0.0,165.0
OL-969,TRN-9392,P201,2.0,70.0,0.05,133.0
OL-970,TRN-9392,P103,3.0,95.0,0.05,270.75
OL-971,TRN-9392,C304,1.0,58.0,0.05,55.1
OL-972,TRN-9392,C301,3.0,55.0,0.05,156.75
OL-973,TRN-9393,C301,2.0,55.0,0.0,110.0
OL-974,TRN-9393,C303,3.0,60.0,0.0,180.0
OL-975,TRN-9393,C304,3.0,58.0,0.0,174.0
OL-976,TRN-9394,P203,1.0,68.0,0.0,68.0
OL-978,TRN-9395,P202,1.0,65.0,0.1,58.5
OL-979,TRN-9395,P201,3.0,70.0,0.1,110.0
OL-980,TRN-9396,P201,3.0,70.0,0.05,199.5
OL-981,TRN-9396,P102,2.0,80.0,0.05,152.0
OL-982,TRN-9396,P102,2.0,80.0,0.05,152.0
OL-983,TRN-9396, C303 ,1.0,60.0,0.05,57.0
OL-984,TRN-9397,C302,3.0,50.0,0.1,135.0
OL-985,TRN-9397,P101,1.0,85.0,0.1,76.5
OL-987,TRN-9398,C301,2.0,85.0,0.1,153.0
OL-988,TRN-9398,P202,2.0,65.0,0.1,117.0
OL-989,TRN-9398,P103,3.0,95.0,0.1,256.5
OL-990,TRN-9121,C301,3.0,58.0,0.0,174.0
OL-991,TRN-9400,P101,3.0,85.0,0.0,255.0
OL-992,TRN-9400,P202,1.0,65.0,0.0,65.0
OL-993,TRN-9401,C303,3.0,60.0,0.0,180.0
OL-994,TRN-9401,P102,1.0,80.0,0.0,80.0
OL-995,TRN-9401,C301,2.0,55.0,0.0,110.0
OL-1049,TRN-9402,C303,3.0,60.0,0.0,180.0
OL-997,TRN-9402,C301,1.0,55.0,0.0,55.0
OL-998,TRN-9402,C302,2.0,50.0,0.0,100.0
OL-1000,TRN-9404,P203,3.0,68.0,0.0,110.0
OL-1001,TRN-9404,P201,1.0,70.0,0.0,70.0
 OL-1002 ,TRN-9404,C302,2.0,50.0,0.0,100.0
OL-1003,TRN-9404,P101,1.0,85.0,0.0,85.0
OL-1004,TRN-9405,P101,1.0,85.0,0.0,85.0
 OL-1005 ,TRN-9406,P102,3.0,80.0,0.0,240.0
OL-1006,TRN-9406,C301,1.0,55.0,0.0,55.0
OL-1007,TRN-9406,C303,3.0,60.0,0.0,180.0
OL-1008,TRN-9407,P101,2.0,85.0,0.0,170.0
OL-1009,TRN-9407,C302,3.0,50.0,0.0,150.0
 OL-1010 ,TRN-9407,P201,1.0,70.0,0.0,70.0
OL-1011,TRN-9407,C302,3.0,50.0,0.0,150.0
OL-1015,TRN-9409,P201,1.0,70.0,0.0,70.0
OL-1016,TRN-9409,P201,3.0,70.0,0.0,210.0
OL-1017,TRN-9409,P103,1.0,95.0,0.0,95.0
OL-1018, TRN-9410 ,C304,3.0,58.0,0.0,58.0
OL-1019,TRN-9411, P102 ,1.0,80.0,0.0,80.0
OL-1020,TRN-9412,P202,2.0,65.0,0.1,117.0
OL-1021,TRN-9412,C304,3.0,58.0,0.1,156.6
 OL-1022 ,TRN-9412,C303,1.0,60.0,0.1,54.0
OL-1023,TRN-9412,C301,2.0,55.0,0.1,99.0
OL-1024,TRN-9413,P201,1.0,70.0,0.0,70.0
OL-1025,TRN-9413,P202,3.0,65.0,0.0,195.0
OL-1026,TRN-9413,C301,1.0,55.0,0.0,55.0
OL-1027,TRN-9413,P103,2.0,95.0,0.0,190.0
OL-1028,TRN-9414,P101,2.0,85.0,0.0,110.0
OL-1029,TRN-9414,P203,3.0,68.0,0.0,204.0
OL-1030,TRN-9415,C301,1.0,55.0,0.0,55.0
OL-1031,TRN-9416,P103,1.0,95.0,0.0,95.0
OL-1032,TRN-9416,P103,1.0,95.0,0.0,95.0
OL-1033,TRN-9417,P203,1.0,68.0,0.05,64.6
OL-1034,TRN-9418,P102,3.0,80.0,0.0,110.0
OL-1035,TRN-9418,C301,2.0,70.0,0.0,110.0
OL-1036,TRN-9418,C303,1.0,60.0,0.0,60.0
OL-1037,TRN-9418,P202,1.0,65.0,0.0,65.0
OL-1039, TRN-9420 ,P101,3.0,85.0,0.0,255.0
OL-1040,TRN-9421,P203,1.0,68.0,0.1,61.2
OL-1041,TRN-9421,P101,1.0,85.0,0.1,76.5
OL-1042,TRN-9422,P202,1.0,65.0,0.0,65.0
OL-1043,TRN-9423,C304,1.0,58.0,0.0,58.0
OL-1044,TRN-9423,P202,2.0,65.0,0.0,130.0
 OL-1045 ,TRN-9424, C303 ,3.0,60.0,0.0,180.0
OL-1045,TRN-9424,C303,3.0,60.0,0.0,180.0
OL-1047,TRN-9425,C302,1.0,50.0,0.0,50.0
OL-1048,TRN-9425, P103 ,3.0,95.0,0.0,285.0
OL-1049,TRN-9426,C302,2.0,50.0,0.0,110.0
OL-1049,TRN-9426,C302,2.0,50.0,0.0,100.0
OL-1051,TRN-9426,C303,2.0,60.0,0.0,120.0
OL-1052,TRN-9427,C302,1.0,50.0,0.1,45.0
OL-1053,TRN-9427,P103,3.0,95.0,0.1,171.0
OL-1054,TRN-9427,C301,2.0,55.0,0.1,99.0
OL-1055,TRN-9427,P102,2.0,80.0,0.1,144.0
OL-1056,TRN-9428,C302,3.0,50.0,0.0,150.0
OL-1057,TRN-9429, P202 ,1.0,65.0,0.1,58.5
OL-1058,TRN-9429, C301 ,3.0,55.0,0.1,148.5
OL-1049,TRN-9429,P203,2.0,68.0,0.1,122.4
OL-1060,TRN-9429,C301,1.0,60.0,0.1,54.0
OL-1061,TRN-9430,P103,1.0,95.0,0.05,90.25
 OL-1062 ,TRN-9430,C302,2.0,50.0,0.05,95.0
OL-1063,TRN-9430,C304,2.0,58.0,0.05,110.2
OL-1064,TRN-9430,C303,1.0,60.0,0.05,57.0
OL-1065,TRN-9431,P102,1.0,80.0,0.0,80.0
OL-1066,TRN-9431,P103,3.0,95.0,0.0,285.0
OL-1067,TRN-9431,P201,3.0,70.0,0.0,210.0
OL-1068,TRN-9431,P203,3.0,68.0,0.0,204.0
OL-1070,TRN-9433,P102,1.0,80.0,0.0,80.0
OL-1071,TRN-9433,P101,2.0,85.0,0.0,170.0
OL-1072,TRN-9433,C304,2.0,58.0,0.0,116.0
OL-1074,TRN-9434,P201,3.0,70.0,0.0,210.0
OL-1075,TRN-9434,P202,3.0,65.0,0.0,195.0
OL-1076,TRN-9434,P101,1.0,85.0,0.0,85.0
OL-1077,TRN-9435, C302 ,3.0,50.0,0.0,150.0
OL-1078,TRN-9435,P103,2.0,95.0,0.0,190.0
OL-1079,TRN-9435,C301,1.0,58.0,0.0,58.0
OL-1080,TRN-9435,P202,3.0,65.0,0.0,195.0
OL-1081,TRN-9436,P103,2.0,95.0,0.05,180.5
OL-1082,TRN-9436,C302,1.0,50.0,0.05,47.5
OL-1087,TRN-9438,P203,2.0,68.0,0.0,136.0
OL-1088,TRN-9438,C302,3.0,50.0,0.0,150.0
OL-1089,TRN-9438, P203 ,1.0,70.0,0.0,68.0
OL-1090,TRN-9439, P103 ,2.0,95.0,0.0,190.0
OL-1091,TRN-9440,P102,2.0,80.0,0.1,144.0
OL-1092,TRN-9440,P103,1.0,95.0,0.1,85.5
 OL-1093 ,TRN-9440,P203,3.0,68.0,0.1,183.6
OL-1093,TRN-9440,P203,3.0,68.0,0.1,183.6
OL-1095,TRN-9441,P102,3.0,80.0,0.1,216.0
OL-1096,TRN-9441,P102,3.0,80.0,0.1,216.0
OL-1097,TRN-9442,P201,3.0,70.0,0.0,210.0
OL-1098,TRN-9442,C302,2.0,50.0,0.0,100.0
OL-1099,TRN-9442, C302 ,3.0,50.0,0.0,150.0
OL-1100,TRN-9121,P201,1.0,70.0,0.0,70.0
OL-1101,TRN-9443,C301,3.0,55.0,0.0,165.0
OL-1102,TRN-9443,P201,2.0,70.0,0.0,140.0
OL-1103,TRN-9443,C301,2.0,55.0,0.0,110.0
OL-1104,TRN-9444,C302,2.0,50.0,0.05,95.0
OL-1105,TRN-9444,C301,1.0,55.0,0.05,52.25
OL-1106,TRN-9445,P203,3.0,68.0,0.05,110.0
OL-1107,TRN-9445,P202,2.0,65.0,0.05,123.5
OL-1108,TRN-9445,C303,2.0,60.0,0.05,114.0
OL-1113,TRN-9447, P101 ,1.0,85.0,0.0,85.0
OL-1113,TRN-9447,P101,1.0,85.0,0.0,85.0
OL-1115,TRN-9447,C302,1.0,50.0,0.0,50.0
OL-1116,TRN-9448,C301,1.0,55.0,0.0,49.5
OL-1117,TRN-9448,P203,1.0,68.0,0.1,61.2
OL-1118,TRN-9449,P103,3.0,95.0,0.0,285.0
OL-1120,TRN-9450,P101,2.0,85.0,0.0,170.0
OL-1121,TRN-9450,C301,3.0,55.0,0.0,165.0
OL-1122,TRN-9121,P101,3.0,85.0,0.0,255.0
OL-1123,TRN-9451,P103,3.0,95.0,0.0,285.0
OL-1124,TRN-9451,C304,3.0,58.0,0.0,174.0
OL-1125,TRN-9452, C303 ,2.0,60.0,0.0,120.0
OL-1126,TRN-9452,C301,3.0,55.0,0.0,165.0
OL-1127,TRN-9452,C301,3.0,55.0,0.0,165.0
OL-1128,TRN-9453,P101,1.0,85.0,0.0,85.0
OL-1129,TRN-9454,P101,3.0,85.0,0.0,255.0
OL-1130, TRN-9454 ,P101,3.0,85.0,0.0,255.0
OL-1133,TRN-9456,C301,3.0,55.0,0.0,165.0
OL-1134,TRN-9456,P102,3.0,80.0,0.0,240.0
OL-1135,TRN-9457,P101,3.0,85.0,0.0,255.0
OL-1136,TRN-9121,P103,2.0,95.0,0.0,190.0
OL-1049,TRN-9121,P101,1.0,85.0,0.0,85.0
OL-1138,TRN-9458,P203,3.0,68.0,0.0,204.0
OL-1139,TRN-9458,C303,1.0,60.0,0.0,60.0
OL-1140,TRN-9458,P201,2.0,70.0,0.0,110.0
OL-1049,TRN-9459,P202,1.0,65.0,0.0,65.0
OL-1142,TRN-9460,P203,3.0,68.0,0.0,110.0
 OL-1143 ,TRN-9460,P103,3.0,95.0,0.0,285.0
OL-1144,TRN-9461,P102,3.0,80.0,0.0,240.0
OL-1145,TRN-9461,C301,3.0,80.0,0.0,240.0
 OL-1146 ,TRN-9461,C304,1.0,58.0,0.0,110.0
OL-1150,TRN-9463,P203,3.0,68.0,0.0,204.0
OL-1151,TRN-9463,C301,2.0,55.0,0.0,110.0
OL-1152,TRN-9463,C301,1.0,55.0,0.0,55.0
OL-1153,TRN-9463,P201,1.0,70.0,0.0,70.0
OL-1154,TRN-9464,P102,1.0,80.0,0.0,80.0
OL-1155,TRN-9464,P101,1.0,85.0,0.0,85.0
OL-1156,TRN-9465,P101,3.0,85.0,0.0,255.0
OL-1157,TRN-9465,C301,2.0,55.0,0.0,110.0
OL-1158,TRN-9466,P103,3.0,95.0,0.0,285.0
OL-1159,TRN-9466,P203,2.0,68.0,0.0,136.0
OL-1160,TRN-9467,P202,2.0,65.0,0.0,130.0
OL-1161,TRN-9467, P203 ,2.0,68.0,0.0,136.0
 OL-1162 ,TRN-9468,P103,3.0,95.0,0.0,285.0
OL-1163,TRN-9468,P103,1.0,95.0,0.0,95.0
OL-1164, TRN-9469 ,P201,3.0,70.0,0.0,210.0
OL-1165, TRN-9469 ,C302,2.0,50.0,0.0,100.0
OL-1166, TRN-9469 ,P103,1.0,95.0,0.0,95.0
OL-1167,TRN-9469,P203,2.0,68.0,0.0,136.0
OL-1168,TRN-9470,C303,2.0,60.0,0.0,120.0
OL-1169,TRN-9470,C301,3.0,55.0,0.0,165.0
OL-1170,TRN-9471,C304,3.0,58.0,0.0,110.0
OL-1171,TRN-9472,P101,1.0,85.0,0.0,85.0
OL-1172,TRN-9472,P102,2.0,80.0,0.0,160.0
OL-1173,TRN-9472,P201,1.0,70.0,0.0,70.0
OL-1174,TRN-9473,P101,1.0,85.0,0.0,85.0
OL-1175,TRN-9473,P102,3.0,80.0,0.0,240.0
OL-1176, TRN-9473 ,P203,3.0,68.0,0.0,204.0
 OL-1177 ,TRN-9474,C302,1.0,50.0,0.0,50.0
OL-1178,TRN-9475, P201 ,3.0,70.0,0.0,70.0
 OL-1179 ,TRN-9475,P103,2.0,95.0,0.0,190.0
OL-1180,TRN-9475,C301,3.0,80.0,0.0,240.0
OL-1181,TRN-9475,C302,3.0,50.0,0.0,150.0
OL-1182,TRN-9476,P203,3.0,68.0,0.05,193.8
OL-1183,TRN-9476,C302,2.0,50.0,0.05,95.0
OL-1184,TRN-9476,P203,1.0,68.0,0.05,64.6
OL-1185,TRN-9476,P103,1.0,95.0,0.05,90.25
OL-1186,TRN-9477,C304,3.0,58.0,0.0,174.0
OL-1187,TRN-9477,P203,2.0,68.0,0.0,136.0
OL-1188,TRN-9477,P202,3.0,65.0,0.0,195.0
OL-1189,TRN-9477,C302,2.0,50.0,0.0,100.0
OL-1190,TRN-9121,C301,3.0,55.0,0.0,165.0
OL-1191,TRN-9478,C302,1.0,50.0,0.0,50.0
OL-1192,TRN-9478,P103,3.0,95.0,0.0,285.0
OL-1193,TRN-9121,C303,1.0,60.0,0.05,57.0
OL-1194,TRN-9479,P203,1.0,68.0,0.05,64.6
OL-1049,TRN-9121,P202,2.0,65.0,0.05,123.5
OL-1196,TRN-9480,P202,1.0,65.0,0.0,65.0
OL-1197,TRN-9480,C304,1.0,58.0,0.0,58.0
OL-1198, TRN-9481 ,P101,3.0,85.0,0.0,255.0
OL-1199,TRN-9481,P203,1.0,68.0,0.0,68.0
OL-1200,TRN-9481,C302,1.0,50.0,0.0,50.0
OL-1201,TRN-9481,P101,2.0,85.0,0.0,170.0
OL-1049,TRN-9482,C301,2.0,55.0,0.0,110.0
OL-1203,TRN-9482,P103,2.0,95.0,0.0,190.0
OL-1204,TRN-9482,C301,1.0,55.0,0.0,55.0
OL-1205,TRN-9483,P203,3.0,68.0,0.0,204.0
 OL-1206 ,TRN-9484,P102,3.0,80.0,0.0,240.0
OL-1049,TRN-9484,P102,1.0,80.0,0.0,80.0
OL-1208,TRN-9485,C303,1.0,60.0,0.0,60.0
 OL-1209 ,TRN-9486,P203,3.0,68.0,0.0,204.0
 OL-1210 ,TRN-9487,C303,3.0,60.0,0.0,180.0
OL-1211,TRN-9487,P201,2.0,70.0,0.0,140.0
OL-1212,TRN-9488,C303,3.0,60.0,0.1,162.0
OL-1213,TRN-9488,C302,2.0,50.0,0.1,90.0
OL-1214,TRN-9488,P102,2.0,80.0,0.1,144.0
OL-1215,TRN-9488, C303 ,3.0,60.0,0.1,162.0
OL-1049,TRN-9489,P102,3.0,80.0,0.05,228.0
OL-1217,TRN-9489,C304,3.0,58.0,0.05,165.3
OL-1218,TRN-9490,P201,3.0,70.0,0.0,210.0
OL-1219,TRN-9490,C301,2.0,55.0,0.0,110.0
OL-1220,TRN-9490,C301,2.0,55.0,0.0,110.0
OL-1223,TRN-9492,C303,1.0,60.0,0.0,60.0
OL-1224,TRN-9492,P201,3.0,70.0,0.0,210.0
OL-1225,TRN-9493,P202,3.0,65.0,0.0,195.0
 OL-1226 , TRN-9494 ,P202,1.0,65.0,0.0,65.0
OL-1227,TRN-9494,P201,3.0,70.0,0.0,210.0
OL-1228,TRN-9494, P102 ,2.0,80.0,0.0,160.0
OL-1229,TRN-9494,P201,2.0,70.0,0.0,140.0
OL-1233,TRN-9496,C301,2.0,55.0,0.0,110.0
OL-1234,TRN-9496,P202,3.0,65.0,0.0,195.0
 OL-1235 ,TRN-9497,P102,1.0,80.0,0.0,80.0
OL-1236,TRN-9497,P102,1.0,80.0,0.0,80.0
OL-1237,TRN-9498,P101,1.0,85.0,0.0,85.0
OL-1238,TRN-9498,C301,2.0,55.0,0.0,110.0
OL-1239,TRN-9499,P103,2.0,95.0,0.0,190.0
OL-1240,TRN-9500,P203,1.0,68.0,0.0,68.0
OL-1241,TRN-9500,C304,2.0,58.0,0.0,116.0
OL-1242,TRN-9500,P202,3.0,65.0,0.0,110.0
OL-1243,TRN-9500,C303,1.0,60.0,0.0,60.0
OL-1049,TRN-9501,P202,3.0,65.0,0.0,195.0
OL-1049,TRN-9502,P202,2.0,65.0,0.05,123.5
OL-1245,TRN-9502,P202,2.0,65.0,0.05,123.5
OL-1247,TRN-9504,P203,2.0,68.0,0.0,136.0
OL-1248,TRN-9504,P203,3.0,68.0,0.0,204.0
OL-1249,TRN-9505,P203,3.0,68.0,0.0,204.0
OL-1250,TRN-9505,C301,2.0,55.0,0.0,110.0
OL-1251,TRN-9506,C302,1.0,50.0,0.0,50.0
OL-1252,TRN-9506,P102,2.0,80.0,0.0,160.0
OL-1253,TRN-9506,C303,3.0,60.0,0.0,180.0
OL-1254,TRN-9506,C301,2.0,58.0,0.0,116.0
OL-1255,TRN-9507,C301,2.0,85.0,0.05,161.5
OL-1256,TRN-9508,C304,1.0,58.0,0.0,58.0
OL-1257,TRN-9508,P202,2.0,65.0,0.0,130.0
OL-1258,TRN-9508,P202,2.0,65.0,0.0,130.0
OL-1259,TRN-9508,C302,3.0,50.0,0.0,150.0
OL-1260,TRN-9509,P101,3.0,85.0,0.0,255.0
OL-1261,TRN-9509,C301,2.0,55.0,0.0,110.0
OL-1262,TRN-9509,C302,1.0,50.0,0.0,50.0
OL-1263,TRN-9510,P203,1.0,68.0,0.0,68.0
OL-1264,TRN-9510,P103,2.0,70.0,0.0,190.0
OL-1265,TRN-9510,P202,2.0,65.0,0.0,130.0
OL-1266,TRN-9511,P201,2.0,70.0,0.0,140.0
OL-1267,TRN-9512,P103,1.0,95.0,0.05,90.25
OL-1268,TRN-9512,P202,3.0,65.0,0.05,185.25
OL-1269,TRN-9512,C303,2.0,60.0,0.05,114.0
 OL-1270 ,TRN-9513,P201,1.0,70.0,0.0,70.0
OL-1271,TRN-9514,P103,3.0,95.0,0.0,285.0
OL-1272,TRN-9514,P202,2.0,65.0,0.0,130.0
OL-1049, TRN-9515 ,C303,3.0,60.0,0.0,180.0
OL-1274,TRN-9515,C301,1.0,68.0,0.0,68.0
OL-1275,TRN-9515,C304,3.0,58.0,0.0,174.0
OL-1276,TRN-9515,P201,2.0,70.0,0.0,140.0
OL-1277,TRN-9516,P203,2.0,68.0,0.0,136.0
OL-1278,TRN-9516, P102 ,2.0,80.0,0.0,160.0
OL-1049,TRN-9516,P202,3.0,65.0,0.0,65.0
OL-1280,TRN-9516,P201,2.0,70.0,0.0,140.0
OL-1286,TRN-9518,C303,2.0,60.0,0.0,102.0
OL-1287,TRN-9519, P201 ,2.0,70.0,0.0,140.0
OL-1288,TRN-9519,C304,1.0,58.0,0.0,58.0
OL-1289,TRN-9519,C303,3.0,60.0,0.0,180.0
 OL-1293 ,TRN-9521,C301,2.0,55.0,0.0,110.0
OL-1294,TRN-9521,C302,1.0,50.0,0.0,50.0
OL-1295,TRN-9521,P203,1.0,68.0,0.0,68.0
OL-1296,TRN-9521, C304 ,1.0,58.0,0.0,58.0
OL-1297,TRN-9522,P201,3.0,70.0,0.0,210.0
OL-1298,TRN-9522,P102,1.0,80.0,0.0,80.0
OL-1299,TRN-9522,P101,1.0,85.0,0.0,85.0
OL-1300,TRN-9121,C301,1.0,70.0,0.1,49.5
OL-1301,TRN-9524,P201,3.0,70.0,0.0,210.0
OL-1302,TRN-9525,P101,3.0,85.0,0.1,229.5
OL-1303,TRN-9525,C303,2.0,60.0,0.1,108.0
OL-1304,TRN-9526,C304,3.0,58.0,0.0,174.0
OL-1305,TRN-9526,P102,1.0,80.0,0.0,80.0
OL-1306,TRN-9526,P101,1.0,85.0,0.0,85.0
OL-1307,TRN-9527,C304,3.0,58.0,0.0,174.0
OL-1308,TRN-9527,P203,3.0,68.0,0.0,204.0
OL-1309,TRN-9527,P103,3.0,95.0,0.0,285.0
OL-1310,TRN-9527, P101 ,3.0,85.0,0.0,255.0
 OL-1311 ,TRN-9528,C301,3.0,55.0,0.0,165.0
OL-1312,TRN-9528,P103,1.0,95.0,0.0,95.0
OL-1313,TRN-9528, C301 ,1.0,55.0,0.0,55.0
OL-1314,TRN-9528,C304,1.0,58.0,0.0,110.0
OL-1315,TRN-9529,P101,2.0,85.0,0.0,110.0
OL-1316,TRN-9529,C302,2.0,50.0,0.0,100.0
OL-1317,TRN-9530, C304 ,3.0,58.0,0.1,156.6
OL-1323,TRN-9533,P201,3.0,70.0,0.0,210.0
OL-1324,TRN-9533,P203,1.0,68.0,0.0,68.0
OL-1049,TRN-9533,P103,2.0,95.0,0.0,190.0
OL-1326,TRN-9533,C301,2.0,55.0,0.0,110.0
OL-1327,TRN-9534,P203,1.0,68.0,0.0,68.0
OL-1328,TRN-9534,C303,1.0,60.0,0.0,60.0
OL-1329,TRN-9534,P101,3.0,85.0,0.0,255.0
OL-1332,TRN-9536,P202,2.0,65.0,0.05,123.5
OL-1333,TRN-9536,C304,2.0,58.0,0.05,110.2
OL-1334,TRN-9536,P102,3.0,80.0,0.05,228.0
OL-1335,TRN-9121,P203,1.0,68.0,0.0,68.0
OL-1049, TRN-9537 , P203 ,1.0,68.0,0.0,68.0
OL-1337,TRN-9537,P102,3.0,80.0,0.0,240.0
OL-1338,TRN-9538,C302,2.0,50.0,0.0,100.0
OL-1339,TRN-9539,P101,1.0,85.0,0.0,85.0
OL-1340,TRN-9539,C301,2.0,55.0,0.0,110.0
OL-1049,TRN-9540,C302,2.0,50.0,0.1,90.0
OL-1342,TRN-9540,P102,3.0,80.0,0.1,216.0
OL-1343,TRN-9540,C302,3.0,50.0,0.1,135.0
OL-1344,TRN-9540,C302,1.0,50.0,0.1,45.0
OL-1345,TRN-9541,C301,1.0,55.0,0.0,55.0
OL-1346, TRN-9542 ,P101,3.0,85.0,0.0,255.0
OL-1347,TRN-9542,P101,1.0,85.0,0.0,110.0
OL-1348,TRN-9543,P203,1.0,68.0,0.0,68.0
OL-1349,TRN-9543,C301,1.0,55.0,0.0,55.0
OL-1350,TRN-9543,P103,2.0,95.0,0.0,190.0
OL-1351,TRN-9543,P203,1.0,68.0,0.0,68.0
OL-1352,TRN-9544,P102,3.0,80.0,0.0,240.0
OL-1353,TRN-9544,P203,3.0,68.0,0.0,204.0
OL-1354,TRN-9544,P202,2.0,65.0,0.0,130.0
OL-1355,TRN-9545,P203,3.0,68.0,0.1,122.4
OL-1049,TRN-9545,C302,1.0,50.0,0.1,45.0
OL-1357,TRN-9545,P202,2.0,65.0,0.1,117.0
OL-1358,TRN-9545,P203,3.0,68.0,0.1,183.6
OL-1359,TRN-9546,P202,2.0,65.0,0.1,117.0
OL-1360,TRN-9546,P102,3.0,70.0,0.1,216.0
OL-1361,TRN-9546,P202,3.0,65.0,0.1,175.5
OL-1362,TRN-9547,P101,2.0,85.0,0.0,170.0
OL-1363,TRN-9547,C302,1.0,50.0,0.0,50.0
OL-1364,TRN-9121,C303,2.0,60.0,0.0,120.0
OL-1365,TRN-9548,P201,1.0,70.0,0.0,70.0
OL-1366,TRN-9549,P103,2.0,95.0,0.0,190.0
OL-1367, TRN-9550 ,P203,1.0,68.0,0.0,68.0
OL-1368,TRN-9550,P201,2.0,70.0,0.0,140.0
OL-1369, TRN-9550 ,P103,3.0,95.0,0.0,285.0
OL-1370,TRN-9550,C302,3.0,50.0,0.0,150.0
OL-1371, TRN-9551 ,P103,2.0,95.0,0.0,190.0
OL-1372,TRN-9551,P203,3.0,68.0,0.0,204.0
OL-1373,TRN-9551,C301,3.0,55.0,0.0,165.0
 OL-1374 ,TRN-9121,C301,3.0,55.0,0.0,165.0
OL-1375,TRN-9552,P202,3.0,65.0,0.0,195.0
OL-1376,TRN-9552,P203,3.0,68.0,0.0,204.0
OL-1377,TRN-9553,P102,2.0,80.0,0.0,160.0
OL-1378,TRN-9553,P101,1.0,85.0,0.0,85.0
OL-1379,TRN-9554,C302,2.0,50.0,0.0,100.0
OL-1380,TRN-9554,C304,2.0,58.0,0.0,116.0
OL-1384,TRN-9556,C304,1.0,58.0,0.0,58.0
OL-1385, TRN-9556 ,P202,3.0,65.0,0.0,110.0
OL-1385,TRN-9556,P202,3.0,65.0,0.0,195.0
OL-1387, TRN-9556 ,P203,3.0,68.0,0.0,204.0
OL-1388,TRN-9557,C304,1.0,58.0,0.05,55.1
OL-1389,TRN-9557,P202,1.0,65.0,0.05,61.75
 OL-1390 ,TRN-9558,C301,1.0,50.0,0.0,50.0
OL-1391,TRN-9558, P101 ,3.0,85.0,0.0,255.0
OL-1392,TRN-9558,P202,2.0,65.0,0.0,130.0
OL-1393,TRN-9559,P101,3.0,85.0,0.0,216.75
OL-1397,TRN-9560,P102,2.0,80.0,0.0,160.0
OL-1398,TRN-9560,P203,1.0,68.0,0.0,68.0
OL-1403,TRN-9562,P201,3.0,70.0,0.1,189.0
OL-1404,TRN-9562,P203,3.0,68.0,0.1,122.4
OL-1405,TRN-9562,P101,1.0,85.0,0.1,76.5
OL-1406,TRN-9563,C301,1.0,55.0,0.0,55.0
OL-1407,TRN-9563,P103,2.0,95.0,0.0,190.0
OL-1408,TRN-9564,C303,2.0,60.0,0.0,120.0
OL-1409,TRN-9564,P102,3.0,80.0,0.0,240.0
OL-1410,TRN-9564,C303,3.0,60.0,0.0,180.0
OL-1411,TRN-9565,C304,1.0,58.0,0.0,58.0
OL-1412,TRN-9566, P103 ,3.0,95.0,0.0,285.0
OL-1413,TRN-9566,P103,2.0,70.0,0.0,190.0
 OL-1414 ,TRN-9566,P201,2.0,70.0,0.0,140.0
OL-1415,TRN-9567,C301,2.0,68.0,0.0,136.0
OL-1416,TRN-9567,C304,3.0,58.0,0.0,174.0
OL-1417,TRN-9568,P202,2.0,65.0,0.1,117.0
OL-1418,TRN-9568,C302,3.0,50.0,0.1,135.0
OL-1420, TRN-9569 ,P102,2.0,80.0,0.0,160.0
OL-1421,TRN-9569,P101,2.0,85.0,0.0,170.0
OL-1422,TRN-9569,P103,3.0,95.0,0.0,285.0
OL-1423,TRN-9570,C301,1.0,95.0,0.0,95.0
OL-1424,TRN-9570,C301,2.0,58.0,0.0,116.0
OL-1425,TRN-9570,P103,1.0,95.0,0.0,95.0
OL-1426,TRN-9571,P101,3.0,85.0,0.0,255.0
 OL-1428 ,TRN-9571,C301,2.0,55.0,0.0,110.0
OL-1429,TRN-9572,P101,1.0,85.0,0.0,85.0
OL-1430,TRN-9572,C302,3.0,50.0,0.0,150.0
OL-1431,TRN-9572,C304,2.0,58.0,0.0,116.0
OL-1432,TRN-9121,C301,3.0,55.0,0.0,55.0
OL-1433,TRN-9574,P201,3.0,70.0,0.0,110.0
OL-1433,TRN-9574,P201,3.0,70.0,0.0,210.0
OL-1435, TRN-9575 ,C301,1.0,55.0,0.0,55.0
OL-1436,TRN-9575,P103,1.0,95.0,0.0,95.0
OL-1437,TRN-9575,P103,3.0,95.0,0.0,285.0
OL-1438,TRN-9575,C301,2.0,60.0,0.0,120.0
OL-1439,TRN-9576,P101,3.0,85.0,0.0,255.0
OL-1440,TRN-9121,P202,1.0,65.0,0.0,65.0
OL-1441,TRN-9576,C301,2.0,55.0,0.0,110.0
OL-1442,TRN-9576,C303,2.0,60.0,0.0,120.0
OL-1443,TRN-9577,P101,1.0,85.0,0.05,80.75
OL-1444,TRN-9577,C301,2.0,60.0,0.05,114.0
OL-1447,TRN-9579,P101,1.0,85.0,0.0,85.0
OL-1448,TRN-9579,P201,1.0,70.0,0.0,70.0
OL-1449,TRN-9579,C301,2.0,55.0,0.0,110.0
OL-1450,TRN-9580,P202,1.0,65.0,0.0,65.0
OL-1451,TRN-9580,C303,1.0,60.0,0.0,60.0
OL-1452,TRN-9580,P202,3.0,65.0,0.0,195.0
OL-1453,TRN-9580,P202,2.0,65.0,0.0,130.0
OL-1454,TRN-9581,C302,2.0,50.0,0.0,100.0
OL-1455,TRN-9582,C301,2.0,55.0,0.0,110.0
 OL-1456 , TRN-9582 ,P201,1.0,70.0,0.0,70.0
OL-1457,TRN-9583,P201,3.0,70.0,0.0,210.0
OL-1458,TRN-9583,P201,3.0,70.0,0.0,210.0
OL-1459,TRN-9121,C301,3.0,85.0,0.0,255.0
OL-1460,TRN-9584,C302,2.0,50.0,0.0,100.0
OL-1461,TRN-9121,C304,2.0,58.0,0.0,116.0
OL-1462,TRN-9585,C303,3.0,60.0,0.0,180.0
OL-1463,TRN-9585,C301,3.0,65.0,0.0,195.0
OL-1464,TRN-9585,P201,2.0,70.0,0.0,140.0
OL-1465,TRN-9585,C301,1.0,55.0,0.0,55.0
OL-1466,TRN-9586,P203,1.0,68.0,0.0,68.0
OL-1467,TRN-9586,P102,2.0,80.0,0.0,160.0
OL-1468,TRN-9587,P103,3.0,95.0,0.0,285.0
OL-1469, TRN-9588 ,P101,2.0,85.0,0.0,170.0
OL-1470,TRN-9588,P202,2.0,65.0,0.0,130.0
OL-1049,TRN-9588,P202,3.0,65.0,0.0,195.0
OL-1472,TRN-9589,C301,2.0,55.0,0.0,110.0
OL-1473,TRN-9590,C301,1.0,55.0,0.0,55.0
OL-1474,TRN-9590,P201,3.0,70.0,0.0,210.0
OL-1475,TRN-9591,P202,2.0,65.0,0.0,130.0
OL-1476,TRN-9592,P203,2.0,68.0,0.05,129.2
OL-1477,TRN-9593,P202,3.0,65.0,0.0,195.0
OL-1478,TRN-9594,P202,3.0,70.0,0.0,195.0
OL-1479,TRN-9594,C304,1.0,58.0,0.0,58.0
OL-1480,TRN-9594,P102,2.0,80.0,0.0,160.0
OL-1481,TRN-9595,C304,2.0,58.0,0.0,116.0
OL-1049,TRN-9595,C303,3.0,60.0,0.0,180.0
OL-1483,TRN-9595,C303,1.0,60.0,0.0,60.0
OL-1484,TRN-9595,P103,1.0,95.0,0.0,95.0
OL-1485,TRN-9121,P203,2.0,68.0,0.0,136.0
OL-1486,TRN-9597,P201,1.0,70.0,0.1,63.0
OL-1487,TRN-9597,P103,2.0,95.0,0.1,171.0
OL-1488,TRN-9597,P102,1.0,80.0,0.1,72.0
OL-1489,TRN-9597,C302,2.0,50.0,0.1,90.0
OL-1490,TRN-9598,P202,3.0,70.0,0.0,195.0
OL-1491,TRN-9598,C304,1.0,58.0,0.0,58.0
OL-1492,TRN-9599, C303 ,1.0,60.0,0.0,60.0
OL-1493,TRN-9599,P203,3.0,68.0,0.0,204.0
OL-1494,TRN-9599,C303,3.0,60.0,0.0,180.0
OL-1496,TRN-9600,C303,2.0,60.0,0.0,120.0
OL-1497,TRN-9600,P202,3.0,65.0,0.0,195.0
OL-1049,TRN-9600,C301,3.0,55.0,0.0,165.0
OL-1499,TRN-9601,C303,1.0,60.0,0.05,57.0
OL-1500,TRN-9601,C302,1.0,50.0,0.05,47.5
OL-1501,TRN-9601,P201,1.0,70.0,0.05,66.5
OL-1502,TRN-9601,P201,2.0,70.0,0.05,133.0
OL-1503,TRN-9602,P201,2.0,70.0,0.1,126.0
OL-1504,TRN-9602,P201,3.0,70.0,0.1,189.0
OL-1505,TRN-9602,C302,2.0,50.0,0.1,90.0
OL-1510,TRN-9604,P102,3.0,70.0,0.0,240.0
OL-1511,TRN-9604,C303,2.0,60.0,0.0,120.0
OL-1512,TRN-9605,C301,2.0,55.0,0.05,104.5
OL-1513,TRN-9606,P201,2.0,70.0,0.0,140.0
OL-1514,TRN-9606,C301,2.0,58.0,0.0,116.0
OL-1515,TRN-9606,C303,1.0,60.0,0.0,60.0
OL-1516,TRN-9607,P103,2.0,95.0,0.0,190.0
OL-1517,TRN-9121,P103,1.0,95.0,0.0,95.0
OL-1518,TRN-9608,C304,2.0,58.0,0.0,116.0
OL-1519,TRN-9609,C301,1.0,55.0,0.0,55.0
 OL-1520 ,TRN-9609,P101,2.0,85.0,0.0,170.0
OL-1521,TRN-9609, P103 ,3.0,95.0,0.0,285.0
 OL-1522 ,TRN-9609,C301,2.0,55.0,0.0,110.0
OL-1523,TRN-9610,P102,1.0,80.0,0.0,80.0
OL-1524,TRN-9611,P101,1.0,85.0,0.0,85.0
OL-1525,TRN-9611,C302,2.0,50.0,0.0,100.0
OL-1526,TRN-9611,P203,1.0,68.0,0.0,68.0
OL-1528,TRN-9613,P101,3.0,85.0,0.0,255.0
OL-1529,TRN-9614,P101,1.0,85.0,0.1,76.5
 OL-1530 ,TRN-9614, P202 ,3.0,65.0,0.1,175.5
OL-1531,TRN-9614,P202,2.0,65.0,0.1,117.0
OL-1532,TRN-9614,P101,2.0,85.0,0.1,153.0
OL-1533,TRN-9615, C302 ,3.0,50.0,0.1,110.0
OL-1534,TRN-9615,P203,3.0,68.0,0.1,183.6
OL-1535,TRN-9615,C301,1.0,55.0,0.1,49.5
OL-1536,TRN-9616,C304,1.0,58.0,0.0,58.0
OL-1537,TRN-9616,P102,3.0,80.0,0.0,240.0
OL-1538,TRN-9616,C304,1.0,58.0,0.0,58.0
OL-1539,TRN-9616,C301,2.0,55.0,0.0,110.0
OL-1540,TRN-9617, C303 ,2.0,60.0,0.0,120.0
OL-1541,TRN-9617,C303,1.0,60.0,0.0,60.0
OL-1542,TRN-9617,C301,1.0,55.0,0.0,55.0
OL-1543,TRN-9617,P102,3.0,80.0,0.0,240.0
OL-1545,TRN-9619, P202 ,1.0,65.0,0.0,65.0
OL-1546,TRN-9620,P103,1.0,95.0,0.1,85.5
OL-1547,TRN-9620,C304,1.0,58.0,0.1,52.2
OL-1548,TRN-9620,C304,1.0,58.0,0.1,52.2
OL-1549,TRN-9620,P103,3.0,95.0,0.1,256.5
OL-1550,TRN-9621,P102,3.0,80.0,0.0,240.0
OL-1551,TRN-9621,P201,1.0,70.0,0.0,70.0
OL-1552,TRN-9621,C301,3.0,55.0,0.0,165.0
OL-1553,TRN-9622,P202,1.0,65.0,0.0,65.0
OL-1554,TRN-9622,P202,2.0,65.0,0.0,130.0
OL-1555,TRN-9622,P201,1.0,70.0,0.0,70.0
OL-1556, TRN-9623 ,P101,3.0,85.0,0.0,255.0
OL-1557,TRN-9623,C303,1.0,60.0,0.0,60.0
OL-1558,TRN-9623,P101,2.0,85.0,0.0,170.0
OL-1559,TRN-9623,P202,1.0,65.0,0.0,65.0
OL-1560,TRN-9624,P101,2.0,85.0,0.0,170.0
OL-1561,TRN-9624, C301 ,1.0,55.0,0.0,55.0
OL-1562,TRN-9121,P102,1.0,80.0,0.0,80.0
OL-1563,TRN-9121,P101,1.0,85.0,0.0,85.0
OL-1564,TRN-9625,P102,2.0,80.0,0.0,160.0
OL-1565,TRN-9625,P101,2.0,85.0,0.0,170.0
OL-1566,TRN-9626,P201,2.0,70.0,0.0,140.0
OL-1567,TRN-9626,P103,2.0,95.0,0.0,110.0
OL-1568,TRN-9626,P203,1.0,68.0,0.0,110.0
OL-1569,TRN-9626,P201,2.0,70.0,0.0,140.0
OL-1570,TRN-9627,P103,1.0,95.0,0.0,95.0
OL-1571,TRN-9628,P101,2.0,85.0,0.1,153.0
OL-1572,TRN-9629,C302,2.0,50.0,0.05,95.0
OL-1573,TRN-9629,P203,2.0,68.0,0.05,129.2
OL-1574, TRN-9629 ,P103,3.0,95.0,0.05,270.75
OL-1575,TRN-9629,P102,2.0,80.0,0.0,152.0
OL-1576,TRN-9630,P102,1.0,80.0,0.0,80.0
OL-1577,TRN-9630,P203,1.0,68.0,0.0,68.0
OL-1578,TRN-9121,P101,1.0,85.0,0.0,85.0
OL-1579,TRN-9631,P203,1.0,68.0,0.0,68.0
OL-1580,TRN-9631, P102 ,1.0,80.0,0.0,80.0
OL-1581,TRN-9632,P103,1.0,95.0,0.0,95.0
OL-1049,TRN-9635,C303,3.0,60.0,0.0,180.0
OL-1588,TRN-9635,P102,2.0,80.0,0.0,160.0
OL-1589,TRN-9635,C303,3.0,60.0,0.0,180.0
OL-1590,TRN-9636,C304,1.0,58.0,0.0,58.0
OL-1591,TRN-9636,P201,2.0,70.0,0.0,140.0
OL-1595,TRN-9638,P102,2.0,80.0,0.0,160.0
OL-1596,TRN-9638,P201,2.0,70.0,0.0,140.0
OL-1597, TRN-9638 ,C301,2.0,55.0,0.0,110.0
OL-1598, TRN-9638 ,P202,3.0,65.0,0.0,195.0
OL-1599,TRN-9639,C304,2.0,58.0,0.05,110.2
OL-1600,TRN-9639,C301,3.0,60.0,0.05,171.0
OL-1601,TRN-9639,C303,2.0,60.0,0.05,114.0
OL-1602,TRN-9640,C302,3.0,50.0,0.0,150.0
OL-1603,TRN-9640,C301,3.0,58.0,0.0,174.0
OL-1604,TRN-9640,P101,1.0,85.0,0.0,85.0
OL-1049,TRN-9641,C304,1.0,58.0,0.0,58.0
OL-1609,TRN-9643,P101,3.0,85.0,0.0,255.0
OL-1610,TRN-9644,P102,1.0,80.0,0.05,76.0
OL-1611,TRN-9644,C302,3.0,50.0,0.05,142.5
OL-1612,TRN-9644,C301,1.0,55.0,0.05,52.25
OL-1613,TRN-9644,C304,3.0,58.0,0.05,165.3
OL-1614,TRN-9645,C304,1.0,58.0,0.1,52.2
OL-1615,TRN-9645,C303,1.0,60.0,0.1,54.0
OL-1616,TRN-9646,P201,2.0,70.0,0.0,140.0
OL-1617,TRN-9646,C303,2.0,60.0,0.0,120.0
OL-1618, TRN-9646 ,P103,1.0,95.0,0.0,95.0
OL-1618,TRN-9646,P103,1.0,95.0,0.0,95.0
OL-1620,TRN-9647,P102,2.0,80.0,0.0,110.0
OL-1621,TRN-9647,P102,3.0,80.0,0.0,240.0
OL-1622,TRN-9647,P101,2.0,85.0,0.0,170.0
OL-1623,TRN-9648,P201,3.0,70.0,0.0,210.0
OL-1624, TRN-9648 ,C301,2.0,55.0,0.0,110.0
OL-1625,TRN-9648,P101,1.0,85.0,0.0,85.0
OL-1626,TRN-9648,C304,2.0,58.0,0.0,116.0
OL-1627,TRN-9649,C301,3.0,55.0,0.0,165.0
OL-1628,TRN-9650,P203,2.0,68.0,0.0,136.0
OL-1629,TRN-9121,P203,1.0,68.0,0.0,68.0
OL-1630,TRN-9650,P201,3.0,70.0,0.0,210.0
OL-1631,TRN-9651,P201,2.0,70.0,0.1,126.0
 OL-1632 ,TRN-9651,P102,1.0,80.0,0.1,72.0
OL-1633,TRN-9652,C303,2.0,60.0,0.1,108.0
OL-1634,TRN-9652,P202,2.0,65.0,0.1,117.0
OL-1635,TRN-9652,P101,2.0,85.0,0.1,153.0
OL-1636,TRN-9652, C303 ,2.0,60.0,0.1,108.0
OL-1637,TRN-9653,C302,2.0,50.0,0.0,100.0
OL-1638,TRN-9653, P103 ,2.0,95.0,0.0,190.0
OL-1639,TRN-9653,C302,2.0,50.0,0.0,100.0
OL-1641,TRN-9654,C304,1.0,58.0,0.0,58.0
OL-1642,TRN-9654,C303,1.0,60.0,0.0,60.0
OL-1643,TRN-9654,P203,3.0,68.0,0.0,68.0
OL-1644,TRN-9655,P201,3.0,70.0,0.05,199.5
OL-1645,TRN-9655,C302,2.0,50.0,0.05,95.0
OL-1646,TRN-9656,P103,2.0,95.0,0.0,190.0
OL-1647,TRN-9657,P201,2.0,70.0,0.0,140.0
OL-1648,TRN-9657,C304,1.0,58.0,0.0,58.0
OL-1649, TRN-9657 ,P103,3.0,95.0,0.0,285.0
OL-1650,TRN-9121,P102,2.0,80.0,0.0,160.0
OL-1651,TRN-9658,C302,2.0,70.0,0.0,100.0
OL-1652,TRN-9121,C302,3.0,50.0,0.0,150.0
OL-1653,TRN-9658,C301,3.0,55.0,0.0,165.0
OL-1654,TRN-9658,P101,2.0,85.0,0.0,170.0
OL-1655,TRN-9659,C301,3.0,70.0,0.0,165.0
OL-1656,TRN-9659,P102,1.0,80.0,0.0,80.0
OL-1657,TRN-9659,C301,1.0,55.0,0.0,55.0
OL-1658, TRN-9659 ,C304,3.0,58.0,0.0,174.0
OL-1658,TRN-9659,C304,3.0,58.0,0.0,174.0
OL-1660,TRN-9660,C302,2.0,50.0,0.0,100.0
OL-1661,TRN-9660, P102 ,1.0,80.0,0.0,80.0
OL-1662,TRN-9661,P103,3.0,95.0,0.1,256.5
OL-1663,TRN-9661,P202,1.0,65.0,0.1,58.5
OL-1664,TRN-9662,C302,3.0,50.0,0.0,150.0
OL-1665,TRN-9662,P203,2.0,68.0,0.0,136.0
OL-1666,TRN-9663,C303,3.0,60.0,0.0,180.0
OL-1049,TRN-9664,P102,3.0,80.0,0.0,240.0
OL-1668,TRN-9664,C301,2.0,55.0,0.0,110.0
OL-1669,TRN-9665,P203,1.0,68.0,0.0,68.0
OL-1670,TRN-9665,P103,1.0,95.0,0.0,95.0
OL-1671,TRN-9665,C303,3.0,60.0,0.0,120.0
OL-1672,TRN-9665,P201,2.0,70.0,0.0,140.0
OL-1673,TRN-9666,C301,3.0,95.0,0.0,242.25
OL-1675,TRN-9667,P201,2.0,70.0,0.0,140.0
OL-1049,TRN-9667,P202,3.0,65.0,0.0,195.0
OL-1677,TRN-9668,P201,1.0,70.0,0.0,70.0
OL-1678,TRN-9668,P202,3.0,65.0,0.0,195.0
OL-1679,TRN-9668,P203,1.0,68.0,0.0,68.0
OL-1680,TRN-9669,C304,2.0,58.0,0.0,110.0
OL-1681,TRN-9670,P201,3.0,70.0,0.0,210.0
OL-1682,TRN-9670,P202,2.0,65.0,0.0,130.0
OL-1683,TRN-9670,C301,2.0,55.0,0.0,110.0
OL-1684,TRN-9670, P103 ,3.0,95.0,0.0,285.0
OL-1685,TRN-9671,P202,2.0,65.0,0.05,123.5
OL-1686, TRN-9672 ,P103,3.0,95.0,0.0,285.0
OL-1687,TRN-9672,C301,1.0,55.0,0.0,55.0
OL-1688,TRN-9672,P103,3.0,95.0,0.0,285.0
OL-1689,TRN-9672,P101,2.0,85.0,0.0,170.0
OL-1690,TRN-9673,P101,3.0,85.0,0.0,255.0
OL-1691,TRN-9673,C301,1.0,55.0,0.0,55.0
OL-1692,TRN-9673,P101,2.0,85.0,0.0,170.0
OL-1693,TRN-9673,P103,3.0,95.0,0.0,285.0
OL-1049,TRN-9674,P202,2.0,65.0,0.0,130.0
OL-1695,TRN-9674,P203,2.0,68.0,0.0,136.0
OL-1696,TRN-9674,P102,1.0,80.0,0.0,80.0
OL-1697,TRN-9674,P201,1.0,70.0,0.0,70.0
OL-1698,TRN-9675,C301,1.0,55.0,0.05,52.25
OL-1699,TRN-9675,P102,3.0,80.0,0.05,228.0
OL-1700,TRN-9676,C301,2.0,95.0,0.0,190.0
OL-1701,TRN-9677,P202,2.0,65.0,0.1,117.0
OL-1049,TRN-9678,C304,3.0,58.0,0.0,174.0
OL-1704,TRN-9678,C304,1.0,58.0,0.0,58.0
OL-1705,TRN-9678,P203,2.0,68.0,0.0,136.0
OL-1706,TRN-9678,P103,3.0,95.0,0.0,285.0
OL-1707,TRN-9679,C304,3.0,58.0,0.0,174.0
OL-1708,TRN-9121,P203,2.0,68.0,0.0,136.0
OL-1709,TRN-9680,P103,1.0,70.0,0.0,95.0
 OL-1710 ,TRN-9681,P201,3.0,70.0,0.0,210.0
OL-1711,TRN-9682,C301,3.0,55.0,0.0,165.0
OL-1712,TRN-9682,P202,3.0,65.0,0.0,195.0
OL-1049, TRN-9682 ,C301,1.0,55.0,0.0,55.0
OL-1714,TRN-9682,P103,2.0,95.0,0.0,190.0
OL-1715,TRN-9683,P102,1.0,70.0,0.0,80.0
OL-1716,TRN-9683,P101,3.0,85.0,0.0,255.0
OL-1049,TRN-9683,P101,3.0,85.0,0.0,255.0
OL-1718, TRN-9683 ,P103,3.0,95.0,0.0,285.0
OL-1719,TRN-9684,C302,2.0,50.0,0.1,90.0
OL-1720,TRN-9684,C301,2.0,55.0,0.1,99.0
OL-1721, TRN-9685 , P202 ,2.0,65.0,0.0,130.0
OL-1722,TRN-9685,C302,1.0,50.0,0.0,50.0
OL-1723,TRN-9685,C303,1.0,60.0,0.0,60.0
OL-1724,TRN-9685,C301,1.0,65.0,0.0,65.0
OL-1725, TRN-9686 ,P203,1.0,68.0,0.0,68.0
OL-1726,TRN-9686,P201,2.0,70.0,0.0,140.0
OL-1727,TRN-9687,P102,3.0,80.0,0.0,240.0
OL-1728,TRN-9687, C303 ,2.0,60.0,0.0,120.0
OL-1729,TRN-9687,C301,2.0,55.0,0.0,110.0
 OL-1730 ,TRN-9687,P203,1.0,68.0,0.0,68.0
OL-1731, TRN-9688 ,P201,2.0,70.0,0.0,140.0
OL-1732,TRN-9688,P203,3.0,68.0,0.0,204.0
OL-1733,TRN-9688,C304,1.0,58.0,0.0,58.0
OL-1734,TRN-9689,P201,2.0,70.0,0.0,140.0
OL-1735,TRN-9689,P202,3.0,65.0,0.0,195.0
OL-1736,TRN-9689,P102,3.0,80.0,0.0,240.0
OL-1737,TRN-9690,P102,1.0,80.0,0.0,80.0
OL-1738,TRN-9690,P202,3.0,65.0,0.0,195.0
OL-1739,TRN-9121,P103,1.0,95.0,0.05,90.25
OL-1740,TRN-9691,P201,3.0,70.0,0.05,199.5
OL-1741,TRN-9691,P202,1.0,65.0,0.05,61.75
OL-1742,TRN-9691,P102,1.0,80.0,0.05,76.0
OL-1743,TRN-9692,P203,1.0,68.0,0.0,68.0
OL-1745,TRN-9694,P203,1.0,68.0,0.1,61.2
 OL-1746 ,TRN-9121,P201,1.0,70.0,0.1,63.0
OL-1747,TRN-9694,C302,1.0,70.0,0.1,45.0
OL-1748,TRN-9695,C301,2.0,55.0,0.1,99.0
OL-1749,TRN-9695,P203,3.0,68.0,0.1,183.6
 OL-1750 ,TRN-9695,P203,1.0,68.0,0.1,61.2
OL-1751,TRN-9696,P102,2.0,80.0,0.0,160.0
 OL-1752 ,TRN-9696,P203,2.0,68.0,0.0,136.0
OL-1753,TRN-9696,C304,3.0,58.0,0.0,174.0
OL-1754,TRN-9696,C301,2.0,55.0,0.0,110.0
OL-1755,TRN-9697,C301,2.0,55.0,0.0,110.0
OL-1756,TRN-9698,P201,3.0,70.0,0.0,210.0
OL-1757,TRN-9698,C301,1.0,55.0,0.0,55.0
OL-1761,TRN-9700,P202,3.0,65.0,0.0,195.0
 OL-1762 ,TRN-9700,C302,1.0,50.0,0.0,50.0
OL-1763,TRN-9700,C301,3.0,55.0,0.0,165.0
OL-1764,TRN-9700,P202,2.0,65.0,0.0,130.0
OL-1769,TRN-9702,P101,1.0,85.0,0.1,76.5
OL-1770,TRN-9702,P201,2.0,70.0,0.1,126.0
OL-1772,TRN-9121,P202,2.0,70.0,0.0,130.0
OL-1773,TRN-9703,C302,2.0,50.0,0.0,100.0
OL-1774,TRN-9704,P101,2.0,85.0,0.05,161.5
OL-1775,TRN-9705,P103,3.0,95.0,0.0,285.0
OL-1776,TRN-9121,C302,2.0,50.0,0.0,100.0
OL-1777,TRN-9706,C304,1.0,58.0,0.0,58.0
OL-1778,TRN-9706,P203,3.0,68.0,0.0,68.0
OL-1779,TRN-9706,P203,1.0,68.0,0.0,68.0
OL-1780,TRN-9707,C303,3.0,60.0,0.1,162.0
OL-1781,TRN-9708,P102,1.0,80.0,0.0,80.0
OL-1784,TRN-9710,P102,2.0,80.0,0.05,152.0
OL-1785,TRN-9710,C301,2.0,55.0,0.05,104.5
OL-1786,TRN-9710,C304,1.0,58.0,0.05,55.1
OL-1787,TRN-9711,P203,2.0,68.0,0.0,136.0
OL-1788, TRN-9712 ,P203,3.0,68.0,0.1,183.6
OL-1789,TRN-9712,P203,2.0,68.0,0.1,122.4
OL-1791,TRN-9714,C304,1.0,58.0,0.1,52.2
OL-1793,TRN-9715,C303,1.0,60.0,0.0,60.0
OL-1794,TRN-9715,P202,1.0,65.0,0.0,65.0
OL-1795,TRN-9121,P102,2.0,80.0,0.1,144.0
OL-1796,TRN-9716, P201 ,2.0,70.0,0.1,126.0
OL-1797,TRN-9716,C304,3.0,58.0,0.1,156.6
OL-1798,TRN-9716,C302,1.0,50.0,0.1,45.0
OL-1799,TRN-9717,P201,1.0,70.0,0.05,66.5
OL-1800,TRN-9121, P202 ,2.0,65.0,0.05,123.5
OL-1801,TRN-9717,C302,3.0,50.0,0.05,142.5
OL-1802,TRN-9718,P202,2.0,65.0,0.0,130.0
OL-1803,TRN-9718,P101,1.0,85.0,0.0,85.0
OL-1804,TRN-9718, C304 ,1.0,58.0,0.0,58.0
OL-1805,TRN-9718,C303,2.0,60.0,0.0,120.0
OL-1806, TRN-9719 ,P102,3.0,80.0,0.0,240.0
OL-1807,TRN-9719,C303,3.0,60.0,0.0,180.0
OL-1808,TRN-9720,P201,1.0,70.0,0.0,70.0
OL-1809,TRN-9721,C301,3.0,55.0,0.0,165.0
OL-1810,TRN-9721,C301,1.0,55.0,0.0,55.0
OL-1811, TRN-9722 ,P201,3.0,70.0,0.1,189.0
OL-1812,TRN-9722,P101,2.0,70.0,0.1,153.0
OL-1813,TRN-9722,C301,3.0,50.0,0.1,135.0
OL-1814,TRN-9722,P102,3.0,80.0,0.1,216.0
OL-1815,TRN-9723,P103,1.0,95.0,0.0,95.0
OL-1049,TRN-9723,P103,2.0,95.0,0.0,190.0
OL-1817,TRN-9723, C302 ,3.0,50.0,0.0,150.0
OL-1818,TRN-9724,C302,2.0,50.0,0.0,100.0
OL-1819,TRN-9724,P202,1.0,65.0,0.0,65.0
OL-1820,TRN-9725,C303,2.0,60.0,0.0,120.0
OL-1821,TRN-9725,C302,1.0,50.0,0.0,50.0
OL-1822,TRN-9726,C301,2.0,50.0,0.05,95.0
OL-1823,TRN-9726,C301,1.0,55.0,0.05,52.25
OL-1824,TRN-9726,C301,2.0,80.0,0.05,152.0
OL-1825,TRN-9727, P103 ,2.0,95.0,0.0,190.0
OL-1826,TRN-9728,P202,2.0,65.0,0.1,117.0
OL-1827,TRN-9729,P203,2.0,68.0,0.0,136.0
OL-1828,TRN-9729,C301,3.0,55.0,0.0,165.0
OL-1829,TRN-9729,P102,2.0,80.0,0.0,160.0
OL-1830,TRN-9730,P202,3.0,65.0,0.0,175.5
OL-1049,TRN-9731,P202,2.0,65.0,0.0,130.0
OL-1832,TRN-9731,P203,2.0,68.0,0.0,136.0
OL-1833,TRN-9731,C302,2.0,50.0,0.0,100.0
 OL-1835 , TRN-9732 ,C303,1.0,60.0,0.0,51.0
OL-1838,TRN-9734,P203,1.0,68.0,0.0,68.0
OL-1839,TRN-9735,P103,2.0,95.0,0.0,190.0
OL-1840,TRN-9735,C302,1.0,50.0,0.0,50.0
OL-1841,TRN-9735,C304,3.0,58.0,0.0,174.0
OL-1842, TRN-9735 ,P203,2.0,68.0,0.0,136.0
OL-1049,TRN-9736, P203 ,1.0,68.0,0.0,68.0
OL-1844,TRN-9736,P203,3.0,68.0,0.0,136.0
OL-1845,TRN-9736,P202,1.0,65.0,0.0,65.0
OL-1846,TRN-9737,P101,3.0,85.0,0.0,255.0
OL-1847,TRN-9737,C301,1.0,70.0,0.0,70.0
OL-1848,TRN-9737,C303,3.0,60.0,0.0,180.0
 OL-1849 ,TRN-9738,P201,1.0,70.0,0.0,110.0
OL-1850,TRN-9738,P102,2.0,80.0,0.0,160.0
OL-1851,TRN-9738,P103,2.0,95.0,0.0,190.0
OL-1852,TRN-9738,C303,3.0,70.0,0.0,180.0
OL-1853,TRN-9739,C301,1.0,55.0,0.05,52.25
OL-1854,TRN-9739,C302,2.0,50.0,0.05,95.0
OL-1855,TRN-9739,C304,3.0,58.0,0.05,165.3
OL-1856,TRN-9740,P101,3.0,85.0,0.0,255.0
OL-1857,TRN-9740,C302,2.0,50.0,0.0,100.0
OL-1858,TRN-9740,P102,1.0,80.0,0.0,80.0
OL-1859,TRN-9740,C301,2.0,55.0,0.0,110.0
OL-1860,TRN-9741,C301,2.0,70.0,0.0,110.0
OL-1861,TRN-9741,C301,3.0,55.0,0.0,165.0
OL-1862,TRN-9741,C303,1.0,60.0,0.0,60.0
OL-1863,TRN-9741,P202,2.0,65.0,0.0,130.0
OL-1864,TRN-9742,P101,1.0,85.0,0.1,76.5
OL-1866,TRN-9744,C301,2.0,55.0,0.1,99.0
OL-1867,TRN-9745,P103,1.0,95.0,0.0,95.0
OL-1049,TRN-9746,C302,3.0,50.0,0.0,150.0
OL-1869,TRN-9747,P201,1.0,70.0,0.0,70.0
OL-1870,TRN-9747,C304,3.0,58.0,0.0,174.0
OL-1871,TRN-9748,P101,1.0,70.0,0.0,85.0
OL-1872,TRN-9748,C303,2.0,60.0,0.0,120.0
OL-1873,TRN-9748,C301,1.0,55.0,0.0,55.0
OL-1874,TRN-9749,C304,3.0,58.0,0.0,174.0
OL-1875,TRN-9749, P103 ,1.0,95.0,0.0,95.0
OL-1876, TRN-9749 ,C303,3.0,60.0,0.0,180.0
OL-1877, TRN-9750 ,C304,1.0,58.0,0.0,58.0
OL-1878,TRN-9751,C302,3.0,50.0,0.0,150.0
OL-1879,TRN-9121,C301,2.0,55.0,0.0,110.0
OL-1880,TRN-9751,P202,3.0,65.0,0.0,195.0
OL-1881,TRN-9752,P103,2.0,95.0,0.0,190.0
OL-1882,TRN-9752,P202,2.0,70.0,0.0,130.0
OL-1883,TRN-9752,P201,1.0,70.0,0.0,70.0
OL-1884,TRN-9753,C304,3.0,58.0,0.0,174.0
OL-1885,TRN-9754,P103,2.0,95.0,0.1,171.0
OL-1886,TRN-9754,P202,2.0,65.0,0.1,117.0
OL-1887,TRN-9754,P201,1.0,70.0,0.1,63.0
OL-1888,TRN-9755,C301,2.0,55.0,0.0,110.0
OL-1889,TRN-9755,P201,1.0,70.0,0.0,70.0
OL-1891,TRN-9757,P103,2.0,70.0,0.05,180.5
OL-1892,TRN-9757,P201,3.0,70.0,0.05,199.5
OL-1893,TRN-9757,C303,1.0,60.0,0.05,57.0
OL-1894,TRN-9758,C301,1.0,55.0,0.0,55.0
OL-1895,TRN-9758,P202,2.0,65.0,0.0,130.0
OL-1896,TRN-9758,P203,2.0,68.0,0.0,136.0
OL-1897, TRN-9758 ,C304,2.0,58.0,0.0,116.0
OL-1898,TRN-9759,P102,2.0,80.0,0.05,152.0
OL-1900,TRN-9760,P201,3.0,70.0,0.0,110.0
OL-1901, TRN-9761 ,P203,1.0,68.0,0.0,68.0
OL-1902,TRN-9762,P101,3.0,85.0,0.1,229.5
OL-1904,TRN-9762,C302,2.0,50.0,0.1,90.0
OL-1905,TRN-9762,P102,3.0,80.0,0.1,216.0
OL-1909,TRN-9764,P203,3.0,68.0,0.05,193.8
OL-1910,TRN-9764,C303,1.0,60.0,0.05,57.0
OL-1911,TRN-9764,C301,1.0,65.0,0.05,61.75
OL-1912,TRN-9765,C303,1.0,60.0,0.0,60.0
OL-1913,TRN-9766,C303,2.0,60.0,0.0,120.0
OL-1914,TRN-9766, P102 ,1.0,80.0,0.0,80.0
 OL-1915 ,TRN-9767,C303,1.0,60.0,0.05,57.0
OL-1916,TRN-9121,P202,3.0,65.0,0.05,185.25
 OL-1917 ,TRN-9768,P203,1.0,68.0,0.0,68.0
OL-1918,TRN-9768,P203,1.0,68.0,0.0,68.0
OL-1919,TRN-9768,P202,2.0,65.0,0.0,130.0
OL-1920,TRN-9769,C301,2.0,55.0,0.0,110.0
OL-1921,TRN-9769,C302,3.0,50.0,0.0,150.0
OL-1922,TRN-9769,P201,1.0,70.0,0.0,70.0
OL-1923,TRN-9769,P101,2.0,85.0,0.0,170.0
 OL-1924 ,TRN-9770,C304,3.0,58.0,0.0,174.0
OL-1925,TRN-9770,P201,3.0,70.0,0.0,210.0
OL-1926,TRN-9770,P101,3.0,85.0,0.0,255.0
OL-1928,TRN-9771,C303,2.0,60.0,0.0,120.0
OL-1929,TRN-9772,P102,2.0,80.0,0.0,160.0
OL-1930,TRN-9772,P203,2.0,68.0,0.0,136.0
OL-1931,TRN-9772,C304,3.0,58.0,0.0,174.0
OL-1932, TRN-9773 ,C301,1.0,55.0,0.0,55.0
OL-1933,TRN-9773,C301,1.0,55.0,0.0,55.0
OL-1934,TRN-9774,C304,3.0,58.0,0.0,174.0
OL-1935, TRN-9774 ,C302,3.0,50.0,0.0,150.0
OL-1940,TRN-9776,C301,2.0,55.0,0.05,104.5
OL-1941,TRN-9121,C302,2.0,50.0,0.05,95.0
OL-1942,TRN-9776,P203,3.0,68.0,0.05,193.8
OL-1943,TRN-9777,P103,3.0,95.0,0.0,285.0
OL-1944,TRN-9777, P103 ,1.0,95.0,0.0,95.0
OL-1945,TRN-9778,P101,1.0,85.0,0.05,80.75
OL-1946,TRN-9778,C303,1.0,60.0,0.05,57.0
OL-1947,TRN-9778,P201,2.0,70.0,0.05,133.0
OL-1948,TRN-9778,P202,2.0,65.0,0.05,123.5
OL-1949,TRN-9779,P201,2.0,70.0,0.0,140.0
OL-1950,TRN-9779,P101,2.0,85.0,0.0,170.0
OL-1951,TRN-9780,P203,1.0,68.0,0.0,68.0
 OL-1952 ,TRN-9781,P201,1.0,70.0,0.0,70.0
OL-1953, TRN-9781 ,C302,3.0,50.0,0.0,150.0
OL-1954,TRN-9782,C301,3.0,95.0,0.0,285.0
OL-1955,TRN-9782,P102,2.0,80.0,0.0,160.0
OL-1956,TRN-9782,P201,3.0,70.0,0.0,210.0
 OL-1957 ,TRN-9782,C301,1.0,85.0,0.0,85.0
OL-1958,TRN-9783,P102,2.0,80.0,0.0,160.0
OL-1959,TRN-9783,C302,3.0,50.0,0.0,150.0
OL-1960,TRN-9783,P201,3.0,70.0,0.0,210.0
OL-1961,TRN-9783,P203,2.0,68.0,0.0,136.0
OL-1962,TRN-9784, P202 ,3.0,65.0,0.1,175.5
OL-1963, TRN-9784 ,P101,2.0,85.0,0.1,153.0
OL-1964,TRN-9785,C301,3.0,55.0,0.0,165.0
OL-1965,TRN-9785,C303,3.0,60.0,0.0,180.0
OL-1966, TRN-9785 ,C301,3.0,65.0,0.0,195.0
OL-1967,TRN-9785,C301,2.0,55.0,0.0,110.0
OL-1968,TRN-9786,C301,2.0,55.0,0.0,110.0
OL-1969,TRN-9786,P201,2.0,70.0,0.0,140.0
 OL-1970 ,TRN-9786,C302,1.0,50.0,0.0,50.0
OL-1971,TRN-9787,C303,3.0,60.0,0.0,180.0
OL-1972,TRN-9787,P103,2.0,95.0,0.0,190.0
OL-1973,TRN-9788,P203,1.0,68.0,0.05,64.6
OL-1974,TRN-9788,P101,1.0,85.0,0.05,80.75
OL-1975,TRN-9788,P201,1.0,70.0,0.05,66.5
OL-1976,TRN-9789,C302,3.0,50.0,0.0,150.0
OL-1977,TRN-9789,C301,2.0,65.0,0.0,130.0
OL-1978,TRN-9790,C303,2.0,60.0,0.0,120.0
OL-1979,TRN-9790,P103,3.0,95.0,0.0,285.0
OL-1980,TRN-9790,C302,3.0,50.0,0.0,150.0
OL-1981,TRN-9790,P202,3.0,65.0,0.0,195.0
OL-1982,TRN-9791,P201,3.0,70.0,0.0,210.0
OL-1983,TRN-9791,P202,2.0,65.0,0.0,130.0
OL-1984,TRN-9792,C302,3.0,50.0,0.0,150.0
OL-1985,TRN-9792,C302,2.0,50.0,0.0,100.0
OL-1986,TRN-9792,P101,2.0,85.0,0.0,170.0
OL-1987,TRN-9792,P203,3.0,68.0,0.0,204.0
OL-1988,TRN-9793,P203,1.0,68.0,0.05,64.6
OL-1989,TRN-9794,P102,3.0,80.0,0.0,240.0
OL-1990, TRN-9794 ,C304,3.0,58.0,0.0,174.0
OL-1991, TRN-9794 , P203 ,1.0,68.0,0.0,68.0
OL-1992, TRN-9794 ,P201,1.0,70.0,0.0,70.0
OL-1993,TRN-9795,C301,2.0,65.0,0.0,130.0
OL-1994,TRN-9796,P203,2.0,68.0,0.0,136.0
OL-1995,TRN-9797,C302,3.0,50.0,0.0,150.0
OL-1996,TRN-9797,P201,1.0,70.0,0.0,70.0
OL-1999,TRN-9799,P101,3.0,85.0,0.0,255.0
OL-2000, TRN-9800 ,P103,1.0,95.0,0.0,95.0
OL-2001,TRN-9800,P201,1.0,70.0,0.0,70.0
OL-2002,TRN-9801,P103,2.0,95.0,0.0,190.0
 OL-2003 ,TRN-9801,P102,3.0,80.0,0.0,240.0
OL-2003,TRN-9801,P102,3.0,80.0,0.0,240.0
OL-2005,TRN-9803,P102,2.0,80.0,0.0,160.0
OL-2006,TRN-9803,C302,3.0,70.0,0.0,150.0
OL-2007,TRN-9803,P201,3.0,70.0,0.0,210.0
OL-2008,TRN-9121,P203,3.0,68.0,0.0,204.0
OL-2009,TRN-9804,P202,1.0,65.0,0.0,65.0
OL-2010,TRN-9804,P203,1.0,68.0,0.0,68.0
OL-2011,TRN-9805,C301,1.0,55.0,0.0,55.0
OL-2013,TRN-9805,P203,3.0,68.0,0.0,204.0
OL-2014,TRN-9806, P202 ,3.0,65.0,0.0,110.0
OL-2015,TRN-9806,C301,1.0,70.0,0.0,65.0
OL-2016,TRN-9806,P101,1.0,85.0,0.0,85.0
OL-2017,TRN-9806,P201,1.0,70.0,0.0,70.0
OL-1049,TRN-9807,P203,2.0,68.0,0.0,136.0
OL-2019,TRN-9807,C301,3.0,55.0,0.0,165.0
OL-2020,TRN-9121,P103,2.0,95.0,0.0,190.0
OL-2022,TRN-9809,P202,3.0,65.0,0.0,195.0
OL-2023,TRN-9810,C301,3.0,55.0,0.1,148.5
OL-2024,TRN-9810,P203,1.0,68.0,0.1,61.2
OL-2025,TRN-9811,C301,2.0,55.0,0.05,104.5
OL-2026,TRN-9812,P203,2.0,68.0,0.0,136.0
OL-1049,TRN-9812,P103,2.0,95.0,0.0,190.0
 OL-2028 , TRN-9813 ,P202,3.0,65.0,0.0,195.0
OL-2029,TRN-9813,P203,2.0,68.0,0.0,136.0
OL-2030,TRN-9813,C301,1.0,55.0,0.0,55.0
OL-2031,TRN-9814,C304,1.0,58.0,0.0,58.0
OL-2032,TRN-9814, C301 ,2.0,55.0,0.0,110.0
OL-2033,TRN-9815,P203,1.0,68.0,0.0,68.0
OL-2034,TRN-9815,C303,1.0,60.0,0.0,60.0
OL-2035,TRN-9815,P102,2.0,80.0,0.0,160.0
OL-2036,TRN-9815,P203,3.0,68.0,0.0,204.0
OL-2037,TRN-9816,P201,2.0,70.0,0.05,133.0
OL-2038,TRN-9816,P202,3.0,65.0,0.05,185.25
OL-2039,TRN-9816,P102,2.0,80.0,0.05,152.0
OL-1049,TRN-9817,C301,2.0,55.0,0.0,110.0
OL-2041,TRN-9817,C303,2.0,60.0,0.0,110.0
OL-2042,TRN-9818,C302,1.0,50.0,0.0,50.0
OL-2043,TRN-9818,C301,1.0,55.0,0.0,55.0
OL-1049,TRN-9820,C301,2.0,55.0,0.0,110.0
OL-1049,TRN-9821,P202,3.0,65.0,0.0,195.0
OL-2048,TRN-9821,P101,3.0,70.0,0.0,255.0
OL-2049,TRN-9821,C304,1.0,58.0,0.0,58.0
 OL-2050 ,TRN-9821,P103,3.0,95.0,0.0,285.0
OL-2050,TRN-9821,P103,3.0,95.0,0.0,285.0
OL-2052,TRN-9822,C303,3.0,60.0,0.0,120.0
OL-2053,TRN-9822,P203,3.0,68.0,0.0,204.0
OL-2054,TRN-9822,P203,3.0,68.0,0.0,204.0
OL-2055,TRN-9823,C301,3.0,70.0,0.0,165.0
OL-2056,TRN-9823,C301,3.0,55.0,0.0,165.0
OL-2057,TRN-9823,P203,2.0,68.0,0.0,136.0
OL-2058,TRN-9824,P201,1.0,70.0,0.0,70.0
OL-2059,TRN-9824, P101 ,1.0,85.0,0.0,85.0
OL-2060,TRN-9824,C304,1.0,58.0,0.0,110.0
OL-2061,TRN-9824,C302,3.0,50.0,0.0,150.0
OL-2062, TRN-9825 ,P103,2.0,95.0,0.1,171.0
OL-1049,TRN-9121,C301,3.0,68.0,0.1,183.6
OL-2064,TRN-9825,C302,1.0,50.0,0.1,45.0
OL-2065,TRN-9826, C302 ,1.0,50.0,0.0,50.0
OL-2065,TRN-9826,C302,1.0,50.0,0.0,50.0
OL-2069,TRN-9827,P201,3.0,70.0,0.0,178.5
OL-2071,TRN-9828,P201,1.0,70.0,0.05,66.5
 OL-2072 ,TRN-9828,P202,2.0,65.0,0.05,123.5
OL-2073,TRN-9828,C304,1.0,58.0,0.0,55.1
OL-2074, TRN-9828 ,C302,1.0,50.0,0.05,47.5
OL-2074,TRN-9828,C302,1.0,50.0,0.05,47.5
OL-2076,TRN-9829,P202,2.0,65.0,0.0,130.0
OL-2077,TRN-9121,C304,3.0,58.0,0.0,174.0
OL-2078,TRN-9121,P101,3.0,85.0,0.0,255.0
OL-2079,TRN-9830,C301,2.0,55.0,0.0,110.0
OL-2080,TRN-9830,P202,2.0,65.0,0.0,130.0
OL-2081,TRN-9121,P102,2.0,80.0,0.0,160.0
OL-2082,TRN-9830, C304 ,1.0,58.0,0.0,58.0
OL-2083,TRN-9831,P203,1.0,68.0,0.0,68.0
OL-2084,TRN-9831,C301,2.0,70.0,0.0,140.0
OL-2085,TRN-9832,P202,1.0,65.0,0.0,65.0
OL-2086,TRN-9833,P101,3.0,85.0,0.1,110.0
OL-2087,TRN-9833,P101,3.0,85.0,0.1,229.5
OL-2088,TRN-9834,P202,2.0,65.0,0.0,130.0
OL-2089,TRN-9835,P102,1.0,80.0,0.0,80.0
OL-2090,TRN-9835,C301,1.0,55.0,0.0,55.0
OL-2091,TRN-9836,P202,3.0,65.0,0.0,195.0
OL-2092,TRN-9836,P201,2.0,70.0,0.0,140.0
OL-2093,TRN-9836,P101,2.0,85.0,0.0,110.0
OL-2094,TRN-9836,P101,2.0,85.0,0.0,170.0
OL-2095,TRN-9837,C302,3.0,70.0,0.0,150.0
OL-2096,TRN-9837, P101 ,1.0,85.0,0.0,85.0
OL-2097,TRN-9837,C301,3.0,55.0,0.0,165.0
OL-2099,TRN-9838, P102 ,1.0,80.0,0.0,80.0
OL-2100,TRN-9839,C302,2.0,50.0,0.0,100.0
OL-2101,TRN-9839,C303,3.0,60.0,0.0,180.0
OL-2102,TRN-9839,P101,2.0,85.0,0.0,170.0
OL-2103,TRN-9840,P202,3.0,65.0,0.1,175.5
OL-2105,TRN-9841,P203,2.0,68.0,0.1,122.4
OL-2106,TRN-9842,P102,3.0,80.0,0.0,240.0
 OL-2107 ,TRN-9842,C303,2.0,60.0,0.0,120.0
OL-2108,TRN-9121,C303,2.0,60.0,0.0,120.0
OL-2109,TRN-9842,C304,2.0,58.0,0.0,116.0
OL-2110,TRN-9843,P202,3.0,65.0,0.1,175.5
OL-2111,TRN-9843,C303,1.0,60.0,0.1,54.0
OL-2112,TRN-9843,P102,1.0,80.0,0.1,72.0
OL-2113,TRN-9844,C302,2.0,50.0,0.0,100.0
OL-2114,TRN-9845,P101,1.0,85.0,0.0,85.0
OL-2115,TRN-9845,C301,3.0,55.0,0.0,165.0
OL-2116, TRN-9846 ,P203,2.0,68.0,0.0,110.0
OL-2117,TRN-9846,C301,1.0,55.0,0.0,55.0
OL-2118,TRN-9846,P102,3.0,80.0,0.0,240.0
OL-2120,TRN-9847,C301,2.0,80.0,0.0,160.0
OL-2120,TRN-9847,P102,2.0,80.0,0.0,160.0
OL-2122,TRN-9847,P102,3.0,80.0,0.0,240.0
OL-2123,TRN-9847,P203,3.0,68.0,0.0,204.0
OL-2124,TRN-9848,C303,2.0,60.0,0.0,120.0
OL-2125,TRN-9848,C304,1.0,58.0,0.0,58.0
OL-2126, TRN-9848 ,C301,3.0,55.0,0.0,165.0
OL-2127,TRN-9848,P103,2.0,95.0,0.0,190.0
OL-2128,TRN-9849,P201,1.0,70.0,0.0,70.0
OL-2129,TRN-9849,P202,1.0,65.0,0.0,65.0
OL-2131,TRN-9849,C302,3.0,50.0,0.0,150.0
OL-2132,TRN-9850,C301,1.0,68.0,0.0,68.0
OL-2133,TRN-9850,P203,2.0,68.0,0.0,136.0
OL-2134,TRN-9121,C302,1.0,50.0,0.0,50.0
OL-2135,TRN-9850,P103,3.0,95.0,0.0,285.0
OL-2136,TRN-9851,P203,2.0,68.0,0.1,122.4
OL-2137, TRN-9852 ,P103,2.0,95.0,0.0,190.0
OL-2138,TRN-9852,P103,2.0,95.0,0.0,190.0
OL-2139,TRN-9853,P203,2.0,68.0,0.1,122.4
OL-2144,TRN-9855,C304,2.0,58.0,0.1,104.4
OL-2145,TRN-9855,C301,3.0,68.0,0.1,183.6
OL-2146,TRN-9856, P101 ,1.0,85.0,0.1,76.5
OL-2147,TRN-9856,C303,3.0,60.0,0.1,108.0
OL-2148,TRN-9856,P202,3.0,65.0,0.1,175.5
OL-2149,TRN-9857,P201,2.0,70.0,0.0,140.0
OL-2151,TRN-9858,C304,1.0,58.0,0.0,58.0
OL-2152,TRN-9858,P203,3.0,68.0,0.0,204.0
OL-2153,TRN-9859, C304 ,2.0,58.0,0.0,116.0
OL-2154,TRN-9859,P202,2.0,65.0,0.0,130.0
OL-2159,TRN-9862,C303,3.0,60.0,0.0,180.0
OL-2160,TRN-9862,P102,2.0,80.0,0.0,160.0
OL-2161,TRN-9862, P101 ,2.0,85.0,0.0,170.0
 OL-2162 ,TRN-9862,C304,2.0,58.0,0.0,116.0
OL-2163,TRN-9863,P101,2.0,85.0,0.0,170.0
OL-2164,TRN-9864,C302,3.0,50.0,0.0,50.0
OL-2165,TRN-9864,P102,2.0,80.0,0.0,110.0
OL-2166,TRN-9864,C302,1.0,50.0,0.0,50.0
OL-2167,TRN-9864,P102,1.0,80.0,0.0,80.0
OL-2168,TRN-9865,P103,3.0,95.0,0.0,285.0
OL-1049,TRN-9865,P201,3.0,70.0,0.0,210.0
OL-2170,TRN-9866,P103,2.0,95.0,0.0,190.0
 OL-2171 ,TRN-9866,C301,2.0,55.0,0.0,110.0
OL-2172,TRN-9866,C302,1.0,50.0,0.0,50.0
OL-1049,TRN-9867,C303,3.0,60.0,0.0,180.0
OL-2174,TRN-9867,P101,3.0,85.0,0.0,255.0
OL-2175,TRN-9867,P102,1.0,80.0,0.0,80.0
OL-2176,TRN-9867, P101 ,1.0,70.0,0.0,85.0
OL-2177,TRN-9868,P101,2.0,85.0,0.0,170.0
OL-2178,TRN-9869,P101,1.0,85.0,0.05,80.75
OL-2179,TRN-9869, P101 ,1.0,85.0,0.05,80.75
OL-2179,TRN-9869,P101,1.0,85.0,0.05,80.75
OL-2181, TRN-9871 ,C301,1.0,55.0,0.0,55.0
OL-2182,TRN-9871,C303,1.0,60.0,0.0,60.0
OL-2183,TRN-9872,C302,1.0,50.0,0.0,50.0
OL-2184,TRN-9873,P103,2.0,95.0,0.0,190.0
OL-2185,TRN-9873,P203,1.0,68.0,0.0,68.0
OL-2186,TRN-9873,C302,1.0,50.0,0.0,50.0
OL-2187,TRN-9873,P201,3.0,70.0,0.0,210.0
OL-2188,TRN-9874,C301,2.0,55.0,0.0,110.0
OL-2189,TRN-9121,P102,1.0,80.0,0.05,76.0
 OL-2190 ,TRN-9876,P202,2.0,65.0,0.05,123.5
OL-2191,TRN-9876,C301,3.0,55.0,0.0,156.75
OL-2192,TRN-9876,C304,3.0,58.0,0.05,165.3
OL-2193,TRN-9876,C304,3.0,58.0,0.05,165.3
OL-2194, TRN-9877 ,P202,3.0,65.0,0.1,175.5
OL-2195,TRN-9878,P101,1.0,85.0,0.0,85.0
 OL-2196 , TRN-9878 ,P201,2.0,70.0,0.0,140.0
OL-2197,TRN-9878,P102,3.0,80.0,0.0,240.0
OL-2201,TRN-9880,C301,3.0,55.0,0.1,148.5
OL-2202,TRN-9880,P203,2.0,68.0,0.1,122.4
OL-2203,TRN-9880,P201,1.0,70.0,0.1,63.0
OL-2206,TRN-9882,P203,1.0,68.0,0.0,68.0
OL-2207, TRN-9882 ,C302,1.0,50.0,0.0,50.0
OL-2208,TRN-9882,C303,3.0,60.0,0.0,180.0
OL-2209,TRN-9883,P203,1.0,68.0,0.0,68.0
OL-2210,TRN-9883,P102,3.0,80.0,0.0,240.0
OL-2211,TRN-9883,C302,2.0,50.0,0.0,100.0
OL-2212,TRN-9884,C302,3.0,50.0,0.0,150.0
OL-2213,TRN-9884,C302,3.0,50.0,0.0,150.0
OL-2214,TRN-9884,C304,2.0,58.0,0.0,116.0
OL-2215,TRN-9884,P202,1.0,70.0,0.0,65.0
OL-2216,TRN-9885,P101,2.0,85.0,0.0,170.0
OL-2217,TRN-9885,C302,3.0,50.0,0.0,150.0
OL-2218,TRN-9885,P101,1.0,85.0,0.0,85.0
OL-2219,TRN-9885,P202,1.0,65.0,0.0,110.0
OL-2220,TRN-9886,P202,3.0,65.0,0.0,130.0
OL-2221,TRN-9886,P103,1.0,95.0,0.0,95.0
OL-2222,TRN-9886, C304 ,3.0,70.0,0.0,174.0
OL-2223,TRN-9887,P202,3.0,65.0,0.0,195.0
OL-2224,TRN-9887,C304,1.0,58.0,0.0,58.0
OL-2225,TRN-9887,P103,1.0,95.0,0.0,95.0
OL-2226,TRN-9121,C303,2.0,60.0,0.0,120.0
OL-2227, TRN-9889 ,C302,2.0,50.0,0.0,100.0
OL-2228,TRN-9889,C304,3.0,58.0,0.0,174.0
 OL-2229 ,TRN-9889,P103,1.0,95.0,0.0,95.0
OL-2230,TRN-9890,P101,3.0,85.0,0.05,242.25
OL-2232,TRN-9890,C301,2.0,55.0,0.05,104.5
OL-2233,TRN-9890,C304,1.0,58.0,0.05,55.1
OL-2234, TRN-9891 ,C303,3.0,60.0,0.0,180.0
OL-2235,TRN-9891,P203,3.0,68.0,0.0,204.0
OL-2236,TRN-9891, P202 ,1.0,65.0,0.0,65.0
OL-2237,TRN-9892,P201,3.0,70.0,0.0,210.0
OL-2238,TRN-9893,P201,2.0,70.0,0.0,140.0
OL-2239,TRN-9893,P202,3.0,65.0,0.0,110.0
OL-1049,TRN-9893,P201,1.0,70.0,0.0,70.0
OL-2241,TRN-9894,C301,2.0,55.0,0.1,99.0
OL-2242,TRN-9894,P202,3.0,65.0,0.1,175.5
OL-2243,TRN-9894,P102,1.0,80.0,0.1,72.0
OL-2244,TRN-9895,P202,3.0,65.0,0.0,195.0
OL-2245,TRN-9895,P103,1.0,95.0,0.0,95.0
OL-2246,TRN-9896,C301,2.0,55.0,0.0,110.0
OL-2247,TRN-9896,P201,3.0,70.0,0.0,210.0
OL-2248,TRN-9896,P102,3.0,80.0,0.0,240.0
OL-2249,TRN-9897,P101,3.0,85.0,0.0,255.0
 OL-2251 ,TRN-9898,P203,2.0,68.0,0.05,129.2
OL-2252, TRN-9898 ,C303,1.0,70.0,0.05,57.0
OL-2252,TRN-9898,C303,1.0,60.0,0.05,57.0
OL-2253,TRN-9899,C301,1.0,55.0,0.0,55.0
OL-2255,TRN-9900,C301,2.0,50.0,0.1,90.0
OL-1049,TRN-9900,C301,2.0,55.0,0.1,99.0
OL-2257,TRN-9900,C302,2.0,50.0,0.1,90.0
OL-2258,TRN-9901,P102,2.0,80.0,0.1,144.0
OL-2259,TRN-9901,P203,3.0,68.0,0.1,183.6
OL-2260,TRN-9901,P202,3.0,65.0,0.1,175.5
OL-2261,TRN-9901,C304,2.0,58.0,0.1,104.4
OL-2262,TRN-9902,P101,1.0,85.0,0.05,80.75
OL-2263,TRN-9902,P102,3.0,80.0,0.05,228.0
OL-2264,TRN-9903,P103,1.0,95.0,0.1,85.5
OL-2265,TRN-9904,P203,1.0,68.0,0.0,68.0
OL-2266,TRN-9905,P202,1.0,65.0,0.0,65.0
OL-2267,TRN-9905,C302,1.0,50.0,0.0,50.0
OL-2268,TRN-9905,P102,3.0,80.0,0.0,240.0
OL-2269,TRN-9906,P102,2.0,80.0,0.0,160.0
OL-1049,TRN-9908,C304,1.0,58.0,0.0,58.0
OL-2274,TRN-9910,C302,3.0,50.0,0.1,135.0
OL-2275,TRN-9910,C303,3.0,60.0,0.1,162.0
OL-2279,TRN-9912,C301,1.0,55.0,0.0,55.0
OL-2281,TRN-9912,P101,1.0,85.0,0.0,85.0
OL-2282,TRN-9912,P201,1.0,70.0,0.0,70.0
 OL-2283 ,TRN-9913,P102,1.0,80.0,0.0,80.0
OL-2284,TRN-9914, P201 ,1.0,70.0,0.0,70.0
OL-2285,TRN-9915,P102,1.0,80.0,0.0,80.0
OL-2286,TRN-9915,C304,3.0,58.0,0.0,174.0
OL-2287,TRN-9915,P201,2.0,70.0,0.0,140.0
OL-2288,TRN-9915,C302,1.0,50.0,0.0,50.0
OL-2289,TRN-9916,P103,3.0,95.0,0.0,285.0
OL-2290, TRN-9917 ,C301,3.0,55.0,0.0,165.0
OL-1049, TRN-9917 ,P203,2.0,68.0,0.0,136.0
OL-2292,TRN-9917,C304,2.0,58.0,0.0,116.0
OL-2293,TRN-9917,P102,1.0,80.0,0.0,80.0
OL-2295,TRN-9918, P101 ,1.0,85.0,0.0,85.0
OL-2296,TRN-9918,C304,2.0,58.0,0.0,116.0
OL-2297,TRN-9918,C301,3.0,68.0,0.0,204.0
OL-2298,TRN-9919,C303,3.0,60.0,0.05,171.0
OL-2299,TRN-9121,C302,3.0,50.0,0.05,142.5
OL-2300,TRN-9920,C304,2.0,58.0,0.05,110.2
OL-2301,TRN-9920,P201,3.0,70.0,0.05,199.5
OL-2302,TRN-9920,P201,1.0,70.0,0.05,66.5
OL-2303,TRN-9921,C304,1.0,58.0,0.0,58.0
OL-2304,TRN-9921,C304,2.0,58.0,0.0,116.0
OL-2306,TRN-9921,P202,2.0,65.0,0.0,130.0
OL-2307,TRN-9922,P201,1.0,70.0,0.0,70.0
OL-2308,TRN-9922,C303,1.0,60.0,0.0,60.0
OL-2309,TRN-9922,P202,1.0,65.0,0.0,65.0
OL-2310,TRN-9923,P103,1.0,95.0,0.0,95.0
OL-2311,TRN-9923,P101,1.0,85.0,0.0,85.0
 OL-2315 ,TRN-9925,C301,3.0,70.0,0.0,210.0
OL-1049,TRN-9925,C303,2.0,60.0,0.0,120.0
OL-2317,TRN-9926,P201,3.0,70.0,0.1,189.0
OL-2318,TRN-9927,C301,3.0,55.0,0.0,165.0
OL-2319,TRN-9927,P102,3.0,80.0,0.0,240.0
OL-2320,TRN-9928,C303,2.0,60.0,0.0,120.0
OL-2321,TRN-9928,P201,3.0,70.0,0.0,210.0
 OL-2327 ,TRN-9931,C302,1.0,50.0,0.1,45.0
OL-2328,TRN-9931,P103,1.0,95.0,0.1,85.5
OL-2329,TRN-9931,P101,2.0,85.0,0.1,153.0
OL-2330,TRN-9932,P101,1.0,85.0,0.0,85.0
OL-2331,TRN-9932,P203,3.0,68.0,0.0,204.0
OL-2332,TRN-9932,C301,3.0,55.0,0.0,165.0
OL-2334,TRN-9933,P202,3.0,65.0,0.0,195.0
OL-2335,TRN-9933,P101,2.0,85.0,0.0,170.0
OL-2336,TRN-9933,P102,3.0,80.0,0.0,240.0
OL-2337,TRN-9934,P102,3.0,80.0,0.0,240.0
OL-2338,TRN-9934,P201,2.0,70.0,0.0,140.0
OL-2339,TRN-9935,C304,3.0,58.0,0.1,156.6
OL-2340,TRN-9935,P102,1.0,80.0,0.1,72.0
 OL-2341 ,TRN-9935,P201,2.0,70.0,0.1,126.0
OL-2342,TRN-9935,C302,1.0,50.0,0.1,45.0
OL-2343,TRN-9936,P201,2.0,70.0,0.0,140.0
OL-2344,TRN-9937,P201,1.0,70.0,0.0,70.0
OL-2345,TRN-9937,P102,2.0,80.0,0.0,160.0
OL-2346,TRN-9938,C304,2.0,58.0,0.0,116.0
OL-2347,TRN-9938,P103,1.0,95.0,0.0,95.0
 OL-2348 ,TRN-9938,C301,1.0,58.0,0.0,58.0
OL-2353,TRN-9940,P202,2.0,65.0,0.0,130.0
OL-2354,TRN-9940,P203,2.0,68.0,0.0,136.0
OL-2355,TRN-9941,C301,1.0,55.0,0.0,55.0
OL-2356,TRN-9941,C304,2.0,58.0,0.0,116.0
OL-2357,TRN-9941,C303,1.0,60.0,0.0,60.0
OL-2358, TRN-9942 ,P102,3.0,80.0,0.0,240.0
OL-2359,TRN-9942,P203,2.0,68.0,0.0,136.0
OL-2360,TRN-9942,C303,2.0,60.0,0.0,120.0
OL-2361,TRN-9942,P103,3.0,95.0,0.0,285.0
OL-2362,TRN-9943,P201,1.0,70.0,0.0,59.5
OL-2363,TRN-9944,C301,2.0,55.0,0.0,110.0
OL-2364, TRN-9944 ,C303,1.0,60.0,0.0,60.0
OL-2365,TRN-9945,P202,1.0,65.0,0.0,65.0
OL-2366,TRN-9945,P203,1.0,68.0,0.0,68.0
OL-2367,TRN-9945,P201,1.0,70.0,0.0,70.0
OL-2368,TRN-9946,P202,1.0,65.0,0.05,61.75
OL-2369,TRN-9946, P101 ,2.0,85.0,0.05,161.5
OL-1049,TRN-9947,P202,1.0,65.0,0.0,65.0
OL-2371,TRN-9948,C304,2.0,58.0,0.0,116.0
 OL-2372 ,TRN-9948,C303,3.0,60.0,0.0,180.0
OL-2373,TRN-9949,P103,3.0,70.0,0.05,270.75
OL-2375,TRN-9951,P103,1.0,95.0,0.0,95.0
OL-2376,TRN-9951,C301,3.0,55.0,0.0,165.0
OL-2377,TRN-9121,P202,1.0,65.0,0.0,110.0
OL-2378,TRN-9952,P103,1.0,95.0,0.0,95.0
OL-2379,TRN-9952,P203,3.0,68.0,0.0,204.0
OL-2380,TRN-9953,C303,2.0,60.0,0.1,108.0
OL-2381,TRN-9954,C301,2.0,55.0,0.0,110.0
OL-2382,TRN-9954,C302,1.0,50.0,0.0,50.0
OL-2383, TRN-9954 ,P202,1.0,65.0,0.0,65.0
OL-2384,TRN-9955,C301,1.0,55.0,0.0,55.0
OL-2385,TRN-9955,C304,1.0,58.0,0.0,58.0
OL-2386,TRN-9956, P102 ,3.0,80.0,0.0,240.0
OL-2387,TRN-9956,C304,1.0,58.0,0.0,58.0
OL-2388,TRN-9956,C301,2.0,55.0,0.0,110.0
OL-2389,TRN-9957,P102,3.0,80.0,0.1,216.0
OL-2390,TRN-9957,P202,3.0,65.0,0.1,175.5
OL-2391,TRN-9958,P102,2.0,80.0,0.0,160.0
OL-2392,TRN-9959,P203,3.0,68.0,0.0,204.0
OL-2393,TRN-9959,P101,2.0,85.0,0.0,170.0
OL-2395,TRN-9961,C302,2.0,50.0,0.0,100.0
OL-2396,TRN-9962,P103,2.0,95.0,0.0,190.0
OL-2397,TRN-9962,C304,1.0,58.0,0.0,58.0
OL-2398,TRN-9962,C301,3.0,80.0,0.0,110.0
OL-2399,TRN-9962,P101,1.0,85.0,0.0,85.0
OL-2404,TRN-9964,C304,1.0,58.0,0.0,58.0
OL-2405,TRN-9964, P103 ,3.0,95.0,0.0,285.0
OL-2406,TRN-9964,C301,1.0,55.0,0.0,55.0
OL-2407,TRN-9964,C301,3.0,60.0,0.0,180.0
OL-2408,TRN-9965,C304,2.0,58.0,0.0,116.0
OL-2409,TRN-9965,P102,1.0,80.0,0.0,80.0
OL-2410,TRN-9965,C304,1.0,58.0,0.0,58.0
OL-2411,TRN-9965,P103,1.0,95.0,0.0,95.0
OL-2412,TRN-9121,P203,3.0,68.0,0.0,183.6
OL-2413,TRN-9967,C301,1.0,70.0,0.1,49.5
OL-2414,TRN-9968,P203,3.0,68.0,0.1,183.6
OL-2415,TRN-9969,P103,3.0,95.0,0.1,256.5
OL-2416,TRN-9969,C301,1.0,50.0,0.1,45.0
OL-2417,TRN-9969,P201,3.0,70.0,0.1,189.0
OL-2418,TRN-9969,P203,2.0,68.0,0.1,122.4
OL-2419,TRN-9970,P102,1.0,80.0,0.0,80.0
OL-2420,TRN-9970,P203,1.0,68.0,0.0,68.0
OL-2421,TRN-9971,C302,3.0,50.0,0.0,150.0
OL-2422,TRN-9972,P101,1.0,85.0,0.0,85.0
OL-2423,TRN-9972,P201,2.0,70.0,0.0,140.0
OL-2424,TRN-9973, P102 ,3.0,80.0,0.0,240.0
OL-2425,TRN-9973,P201,1.0,70.0,0.0,70.0
OL-2426,TRN-9974,P201,1.0,70.0,0.0,70.0
OL-2427,TRN-9974,P201,2.0,70.0,0.0,140.0
OL-2428,TRN-9974,P203,2.0,68.0,0.0,136.0
OL-2429,TRN-9975,C302,3.0,50.0,0.0,150.0
 OL-2430 ,TRN-9975,P101,3.0,85.0,0.0,255.0
OL-2431,TRN-9975,P102,1.0,80.0,0.0,80.0
OL-2432,TRN-9976,C301,1.0,55.0,0.05,52.25
OL-2433,TRN-9976,C301,3.0,55.0,0.05,156.75
OL-2434,TRN-9976,P201,3.0,70.0,0.05,199.5
OL-2435,TRN-9976,C302,1.0,50.0,0.05,47.5
OL-2436, TRN-9977 ,P201,2.0,70.0,0.0,140.0
OL-2437,TRN-9977,P201,3.0,70.0,0.0,210.0
OL-2438,TRN-9121,C301,1.0,60.0,0.0,60.0
OL-2439,TRN-9977,P103,1.0,95.0,0.0,95.0
OL-2440,TRN-9978,C304,3.0,58.0,0.0,174.0
OL-2441,TRN-9978,P102,3.0,80.0,0.0,240.0
OL-2442,TRN-9978,C301,1.0,55.0,0.0,55.0
OL-2443,TRN-9978,P202,3.0,65.0,0.0,195.0
OL-2444,TRN-9979,C303,2.0,60.0,0.0,120.0
OL-2445,TRN-9979,C304,2.0,58.0,0.0,116.0
OL-2446,TRN-9979,P203,1.0,68.0,0.0,68.0
OL-2447,TRN-9980,P102,3.0,80.0,0.0,240.0
OL-2448,TRN-9121,P201,2.0,70.0,0.0,140.0
OL-2449,TRN-9980,C304,3.0,58.0,0.0,174.0
 OL-2450 ,TRN-9980,P202,2.0,65.0,0.0,130.0
OL-2451,TRN-9981,P202,2.0,65.0,0.0,130.0
OL-2452,TRN-9982,C301,2.0,55.0,0.0,110.0
OL-2453,TRN-9982,P201,1.0,70.0,0.0,70.0
OL-2454,TRN-9982,C302,1.0,50.0,0.0,50.0
OL-2455,TRN-9982,P101,2.0,85.0,0.0,170.0
OL-2456,TRN-9983,P101,2.0,70.0,0.0,170.0
OL-2457,TRN-9983,P201,3.0,70.0,0.0,210.0
OL-2458,TRN-9121,P101,2.0,85.0,0.0,170.0
OL-2459,TRN-9984,P201,3.0,70.0,0.0,189.0
OL-2460,TRN-9984,P103,2.0,95.0,0.1,171.0
OL-2461,TRN-9984,P203,1.0,68.0,0.1,61.2
OL-2462,TRN-9985,C303,1.0,60.0,0.0,60.0
OL-2463,TRN-9985,P203,2.0,68.0,0.0,136.0
OL-2464,TRN-9985,P203,3.0,68.0,0.0,204.0
OL-2465,TRN-9986,P202,2.0,65.0,0.1,117.0
OL-2466,TRN-9986,P201,3.0,70.0,0.1,189.0
OL-2469,TRN-9988,C302,2.0,50.0,0.0,100.0
OL-2470,TRN-9121,C301,1.0,80.0,0.0,80.0
OL-2471,TRN-9988,P201,3.0,70.0,0.0,210.0
OL-2472,TRN-9988,C301,2.0,85.0,0.0,170.0
OL-2473,TRN-9989,P102,3.0,80.0,0.0,240.0
OL-2474, TRN-9989 ,P101,1.0,85.0,0.0,85.0
 OL-2475 ,TRN-9989,C301,2.0,55.0,0.0,110.0
OL-2476,TRN-9989,P201,3.0,70.0,0.0,210.0
OL-2477,TRN-9990,P202,2.0,65.0,0.0,130.0
OL-2478, TRN-9991 ,P102,1.0,80.0,0.0,80.0
OL-2479,TRN-9991,C304,2.0,58.0,0.0,116.0
 OL-2480 ,TRN-9992,C301,3.0,55.0,0.0,165.0
OL-2481,TRN-9121,P203,3.0,68.0,0.0,136.0
 OL-2482 ,TRN-9992,C303,1.0,60.0,0.0,60.0
OL-2483,TRN-9993,P101,3.0,85.0,0.0,255.0
OL-2484,TRN-9993,P203,3.0,68.0,0.0,204.0
 OL-2485 ,TRN-9993,C303,1.0,60.0,0.0,60.0
OL-2486,TRN-9993,C302,3.0,50.0,0.0,150.0
OL-2487,TRN-9994,P103,3.0,95.0,0.0,285.0
OL-2489, TRN-9994 ,C301,3.0,55.0,0.0,165.0
OL-2490,TRN-9994,P101,3.0,85.0,0.0,255.0
OL-2491,TRN-9995,P102,1.0,80.0,0.0,80.0
OL-2492,TRN-9995,P101,2.0,85.0,0.0,170.0
OL-2493,TRN-9995,P101,3.0,85.0,0.0,255.0
OL-2494,TRN-9995,P201,1.0,70.0,0.0,70.0
OL-2495,TRN-9121,C301,3.0,80.0,0.0,240.0
OL-2495,TRN-9996,P102,3.0,80.0,0.0,240.0
OL-2497,TRN-9997,C303,3.0,60.0,0.0,180.0
OL-2498,TRN-9998,P103,3.0,95.0,0.1,256.5
OL-2500,TRN-9998, P103 ,3.0,95.0,0.1,256.5
OL-2501,TRN-9121,C301,1.0,70.0,0.1,49.5
OL-2502, TRN-9999 ,C303,1.0,60.0,0.05,57.0
OL-2503,TRN-9999,C304,3.0,58.0,0.05,110.0
OL-2504,TRN-10000,C304,1.0,58.0,0.1,52.2
OL-2505,TRN-10000,P201,1.0,70.0,0.1,63.0
OL-2506,TRN-10000, P102 ,2.0,80.0,0.1,144.0
